"","Date","Solar_radiation","Method","Comments","Site"
"1",2012-01-28,205.15,"VantagePro","","SEGC"
"2",2012-01-29,138.270833333333,"VantagePro","","SEGC"
"3",2012-01-30,103.604166666667,"VantagePro","","SEGC"
"4",2012-01-31,108.8125,"VantagePro","","SEGC"
"5",2012-02-01,207.916666666667,"VantagePro","","SEGC"
"6",2012-02-02,196.104166666667,"VantagePro","","SEGC"
"7",2012-02-03,194.770833333333,"VantagePro","","SEGC"
"8",2012-02-04,197.791666666667,"VantagePro","","SEGC"
"9",2012-02-05,170.5,"VantagePro","","SEGC"
"10",2012-02-06,168.479166666667,"VantagePro","","SEGC"
"11",2012-02-07,168.0625,"VantagePro","","SEGC"
"12",2012-02-08,102.1875,"VantagePro","","SEGC"
"13",2012-02-09,219.104166666667,"VantagePro","","SEGC"
"14",2012-02-10,203.0625,"VantagePro","","SEGC"
"15",2012-02-11,86.1875,"VantagePro","","SEGC"
"16",2012-02-12,221.8125,"VantagePro","","SEGC"
"17",2012-02-13,76.75,"VantagePro","","SEGC"
"18",2012-02-14,89.5416666666667,"VantagePro","","SEGC"
"19",2012-02-15,149.5,"VantagePro","","SEGC"
"20",2012-02-16,84.4583333333333,"VantagePro","","SEGC"
"21",2012-02-17,238.354166666667,"VantagePro","","SEGC"
"22",2012-02-18,235.416666666667,"VantagePro","","SEGC"
"23",2012-02-19,199.770833333333,"VantagePro","","SEGC"
"24",2012-02-20,220.520833333333,"VantagePro","","SEGC"
"25",2012-02-21,211.208333333333,"VantagePro","","SEGC"
"26",2012-02-22,121.4375,"VantagePro","","SEGC"
"27",2012-02-23,182,"VantagePro","","SEGC"
"28",2012-02-24,193.791666666667,"VantagePro","","SEGC"
"29",2012-02-25,229.1875,"VantagePro","","SEGC"
"30",2012-02-26,236.875,"VantagePro","","SEGC"
"31",2012-02-27,88.8541666666667,"VantagePro","","SEGC"
"32",2012-02-28,235.0625,"VantagePro","","SEGC"
"33",2012-02-29,169.666666666667,"VantagePro","","SEGC"
"34",2012-03-01,257.5,"VantagePro","","SEGC"
"35",2012-03-02,217.479166666667,"VantagePro","","SEGC"
"36",2012-03-03,244.833333333333,"VantagePro","","SEGC"
"37",2012-03-04,265.0625,"VantagePro","","SEGC"
"38",2012-03-05,243.6875,"VantagePro","","SEGC"
"39",2012-03-06,268.833333333333,"VantagePro","","SEGC"
"40",2012-03-07,167.6875,"VantagePro","","SEGC"
"41",2012-03-08,225.020833333333,"VantagePro","","SEGC"
"42",2012-03-09,198.291666666667,"VantagePro","","SEGC"
"43",2012-03-10,259.354166666667,"VantagePro","","SEGC"
"44",2012-03-11,192.833333333333,"VantagePro","","SEGC"
"45",2012-03-12,273.6875,"VantagePro","","SEGC"
"46",2012-03-13,253.4375,"VantagePro","","SEGC"
"47",2012-03-14,253.895833333333,"VantagePro","","SEGC"
"48",2012-03-15,224.1875,"VantagePro","","SEGC"
"49",2012-03-16,176,"VantagePro","","SEGC"
"50",2012-03-17,211.020833333333,"VantagePro","","SEGC"
"51",2012-03-18,187.604166666667,"VantagePro","","SEGC"
"52",2012-03-19,189.5,"VantagePro","","SEGC"
"53",2012-03-20,231.1875,"VantagePro","","SEGC"
"54",2012-03-21,150.208333333333,"VantagePro","","SEGC"
"55",2012-03-22,233.604166666667,"VantagePro","","SEGC"
"56",2012-03-23,136.020833333333,"VantagePro","","SEGC"
"57",2012-03-24,232.125,"VantagePro","","SEGC"
"58",2012-03-25,168.8125,"VantagePro","","SEGC"
"59",2012-03-26,117.3125,"VantagePro","","SEGC"
"60",2012-03-27,277.9375,"VantagePro","","SEGC"
"61",2012-03-28,235.125,"VantagePro","","SEGC"
"62",2012-03-29,98.9166666666667,"VantagePro","","SEGC"
"63",2012-03-30,236.583333333333,"VantagePro","","SEGC"
"64",2012-03-31,262.416666666667,"VantagePro","","SEGC"
"65",2012-04-01,233.1875,"VantagePro","","SEGC"
"66",2012-04-02,240.6875,"VantagePro","","SEGC"
"67",2012-04-03,201.458333333333,"VantagePro","","SEGC"
"68",2012-04-04,164.041666666667,"VantagePro","","SEGC"
"69",2012-04-05,176.708333333333,"VantagePro","","SEGC"
"70",2012-04-06,223.479166666667,"VantagePro","","SEGC"
"71",2012-04-07,155.8125,"VantagePro","","SEGC"
"72",2012-04-08,228.958333333333,"VantagePro","","SEGC"
"73",2012-04-09,230.4375,"VantagePro","","SEGC"
"74",2012-04-10,178.875,"VantagePro","","SEGC"
"75",2012-04-11,199.520833333333,"VantagePro","","SEGC"
"76",2012-04-12,166.854166666667,"VantagePro","","SEGC"
"77",2012-04-13,221.208333333333,"VantagePro","","SEGC"
"78",2012-04-14,111.541666666667,"VantagePro","","SEGC"
"79",2012-04-15,250.604166666667,"VantagePro","","SEGC"
"80",2012-04-16,212.875,"VantagePro","","SEGC"
"81",2012-04-17,271.833333333333,"VantagePro","","SEGC"
"82",2012-04-18,198.541666666667,"VantagePro","","SEGC"
"83",2012-04-19,172.4375,"VantagePro","","SEGC"
"84",2012-04-20,213.604166666667,"VantagePro","","SEGC"
"85",2012-04-21,202.041666666667,"VantagePro","","SEGC"
"86",2012-04-22,80.4791666666667,"VantagePro","","SEGC"
"87",2012-04-23,243.916666666667,"VantagePro","","SEGC"
"88",2012-04-24,273.145833333333,"VantagePro","","SEGC"
"89",2012-04-25,254.333333333333,"VantagePro","","SEGC"
"90",2012-04-26,241.083333333333,"VantagePro","","SEGC"
"91",2012-04-27,215.5625,"VantagePro","","SEGC"
"92",2012-04-28,217.708333333333,"VantagePro","","SEGC"
"93",2012-04-29,237.604166666667,"VantagePro","","SEGC"
"94",2012-04-30,235.166666666667,"VantagePro","","SEGC"
"95",2012-05-01,224.520833333333,"VantagePro","","SEGC"
"96",2012-05-02,234.395833333333,"VantagePro","","SEGC"
"97",2012-05-03,73.4583333333333,"VantagePro","","SEGC"
"98",2012-05-04,237.354166666667,"VantagePro","","SEGC"
"99",2012-05-05,239.041666666667,"VantagePro","","SEGC"
"100",2012-05-06,175.895833333333,"VantagePro","","SEGC"
"101",2012-05-07,110.083333333333,"VantagePro","","SEGC"
"102",2012-05-08,212.333333333333,"VantagePro","","SEGC"
"103",2012-05-09,121.604166666667,"VantagePro","","SEGC"
"104",2012-05-10,234.895833333333,"VantagePro","","SEGC"
"105",2012-05-11,132.666666666667,"VantagePro","","SEGC"
"106",2012-05-12,222.979166666667,"VantagePro","","SEGC"
"107",2012-05-13,194.791666666667,"VantagePro","","SEGC"
"108",2012-05-14,183.0625,"VantagePro","","SEGC"
"109",2012-05-15,207.5625,"VantagePro","","SEGC"
"110",2012-05-16,94.5208333333333,"VantagePro","","SEGC"
"111",2012-05-17,186.125,"VantagePro","","SEGC"
"112",2012-05-18,213.229166666667,"VantagePro","","SEGC"
"113",2012-05-19,108.625,"VantagePro","","SEGC"
"114",2012-05-20,187.895833333333,"VantagePro","","SEGC"
"115",2012-05-21,191.395833333333,"VantagePro","","SEGC"
"116",2012-05-22,109.083333333333,"VantagePro","","SEGC"
"117",2012-05-23,169.666666666667,"VantagePro","","SEGC"
"118",2012-05-24,108.916666666667,"VantagePro","","SEGC"
"119",2012-05-25,114.104166666667,"VantagePro","","SEGC"
"120",2012-05-26,167.75,"VantagePro","","SEGC"
"121",2012-05-27,154.604166666667,"VantagePro","","SEGC"
"122",2012-05-28,163.0625,"VantagePro","","SEGC"
"123",2012-05-29,210.625,"VantagePro","","SEGC"
"124",2012-05-30,209.895833333333,"VantagePro","","SEGC"
"125",2012-05-31,128.833333333333,"VantagePro","","SEGC"
"126",2012-06-01,160.729166666667,"VantagePro","","SEGC"
"127",2012-06-02,170.291666666667,"VantagePro","","SEGC"
"128",2012-06-03,202.875,"VantagePro","","SEGC"
"129",2012-06-04,51.3958333333333,"VantagePro","","SEGC"
"130",2012-06-05,99.7916666666667,"VantagePro","","SEGC"
"131",2012-06-06,149.479166666667,"VantagePro","","SEGC"
"132",2012-06-07,140.125,"VantagePro","","SEGC"
"133",2012-06-08,259.166666666667,"VantagePro","","SEGC"
"134",2012-06-09,207.895833333333,"VantagePro","","SEGC"
"135",2012-06-10,188,"VantagePro","","SEGC"
"136",2012-06-11,158.229166666667,"VantagePro","","SEGC"
"137",2012-06-12,155.5,"VantagePro","","SEGC"
"138",2012-06-13,119.104166666667,"VantagePro","","SEGC"
"139",2012-06-14,91.8333333333333,"VantagePro","","SEGC"
"140",2012-06-15,71,"VantagePro","","SEGC"
"141",2012-06-16,114.270833333333,"VantagePro","","SEGC"
"142",2012-06-17,151.333333333333,"VantagePro","","SEGC"
"143",2012-06-18,118.666666666667,"VantagePro","","SEGC"
"144",2012-06-19,69.9375,"VantagePro","","SEGC"
"145",2012-06-20,75.9791666666667,"VantagePro","","SEGC"
"146",2012-06-21,99.1666666666667,"VantagePro","","SEGC"
"147",2012-06-22,140.583333333333,"VantagePro","","SEGC"
"148",2012-06-23,166.916666666667,"VantagePro","","SEGC"
"149",2012-06-24,117.583333333333,"VantagePro","","SEGC"
"150",2012-06-25,166.791666666667,"VantagePro","","SEGC"
"151",2012-06-26,147.125,"VantagePro","","SEGC"
"152",2012-06-27,87.1875,"VantagePro","","SEGC"
"153",2012-06-28,102.708333333333,"VantagePro","","SEGC"
"154",2012-06-29,111.520833333333,"VantagePro","","SEGC"
"155",2012-06-30,130.75,"VantagePro","","SEGC"
"156",2012-07-01,138.3125,"VantagePro","","SEGC"
"157",2012-07-02,125.770833333333,"VantagePro","","SEGC"
"158",2012-07-03,131.604166666667,"VantagePro","","SEGC"
"159",2012-07-04,142.916666666667,"VantagePro","","SEGC"
"160",2012-07-05,149.125,"VantagePro","","SEGC"
"161",2012-07-06,165.416666666667,"VantagePro","","SEGC"
"162",2012-07-07,108.625,"VantagePro","","SEGC"
"163",2012-07-08,132.4375,"VantagePro","","SEGC"
"164",2012-07-09,207.895833333333,"VantagePro","","SEGC"
"165",2012-07-10,122.5625,"VantagePro","","SEGC"
"166",2012-07-11,128.854166666667,"VantagePro","","SEGC"
"167",2012-07-12,106.541666666667,"VantagePro","","SEGC"
"168",2012-07-13,92.1458333333333,"VantagePro","","SEGC"
"169",2012-07-14,147.375,"VantagePro","","SEGC"
"170",2012-07-15,107.354166666667,"VantagePro","","SEGC"
"171",2012-07-16,82.3541666666667,"VantagePro","","SEGC"
"172",2012-07-17,71.3541666666667,"VantagePro","","SEGC"
"173",2012-07-18,80.4791666666667,"VantagePro","","SEGC"
"174",2012-07-19,149.375,"VantagePro","","SEGC"
"175",2012-07-20,101.875,"VantagePro","","SEGC"
"176",2012-07-21,101.458333333333,"VantagePro","","SEGC"
"177",2012-07-22,81.75,"VantagePro","","SEGC"
"178",2012-07-23,158.0625,"VantagePro","","SEGC"
"179",2012-07-24,184,"VantagePro","","SEGC"
"180",2012-07-25,169.020833333333,"VantagePro","","SEGC"
"181",2012-07-26,229.791666666667,"VantagePro","","SEGC"
"182",2012-07-27,192.4375,"VantagePro","","SEGC"
"183",2012-07-28,161.75,"VantagePro","","SEGC"
"184",2012-07-29,176.145833333333,"VantagePro","","SEGC"
"185",2012-07-30,114.583333333333,"VantagePro","","SEGC"
"186",2012-07-31,125.875,"VantagePro","","SEGC"
"187",2012-08-01,116.291666666667,"VantagePro","","SEGC"
"188",2012-08-02,177.208333333333,"VantagePro","","SEGC"
"189",2012-08-03,107.895833333333,"VantagePro","","SEGC"
"190",2012-08-04,68.625,"VantagePro","","SEGC"
"191",2012-08-05,144,"VantagePro","","SEGC"
"192",2012-08-06,78.8125,"VantagePro","","SEGC"
"193",2012-08-07,117.791666666667,"VantagePro","","SEGC"
"194",2012-08-08,118.270833333333,"VantagePro","","SEGC"
"195",2012-08-09,153.479166666667,"VantagePro","","SEGC"
"196",2012-08-10,151.75,"VantagePro","","SEGC"
"197",2012-08-11,167.375,"VantagePro","","SEGC"
"198",2012-08-12,120.020833333333,"VantagePro","","SEGC"
"199",2012-08-13,98.8541666666667,"VantagePro","","SEGC"
"200",2012-08-14,132.875,"VantagePro","","SEGC"
"201",2012-08-15,153.104166666667,"VantagePro","","SEGC"
"202",2012-08-16,126.333333333333,"VantagePro","","SEGC"
"203",2012-08-17,190.979166666667,"VantagePro","","SEGC"
"204",2012-08-18,143.6875,"VantagePro","","SEGC"
"205",2012-08-19,93.7291666666667,"VantagePro","","SEGC"
"206",2012-08-20,145.395833333333,"VantagePro","","SEGC"
"207",2012-08-21,162.8125,"VantagePro","","SEGC"
"208",2012-08-22,132.4375,"VantagePro","","SEGC"
"209",2012-08-23,76.25,"VantagePro","","SEGC"
"210",2012-08-24,133.708333333333,"VantagePro","","SEGC"
"211",2012-08-25,154.520833333333,"VantagePro","","SEGC"
"212",2012-08-26,120.375,"VantagePro","","SEGC"
"213",2012-08-27,151.791666666667,"VantagePro","","SEGC"
"214",2012-08-28,165.166666666667,"VantagePro","","SEGC"
"215",2012-08-29,133.875,"VantagePro","","SEGC"
"216",2012-08-30,131.833333333333,"VantagePro","","SEGC"
"217",2012-08-31,133.520833333333,"VantagePro","","SEGC"
"218",2012-09-01,118.5,"VantagePro","","SEGC"
"219",2012-09-02,125.1875,"VantagePro","","SEGC"
"220",2012-09-03,183.4375,"VantagePro","","SEGC"
"221",2012-09-04,138.916666666667,"VantagePro","","SEGC"
"222",2012-09-05,139.6875,"VantagePro","","SEGC"
"223",2012-09-06,100.354166666667,"VantagePro","","SEGC"
"224",2012-09-07,136.708333333333,"VantagePro","","SEGC"
"225",2012-09-08,150.104166666667,"VantagePro","","SEGC"
"226",2012-09-09,152.5,"VantagePro","","SEGC"
"227",2012-09-10,107.229166666667,"VantagePro","","SEGC"
"228",2012-09-11,168.395833333333,"VantagePro","","SEGC"
"229",2012-09-12,86.8958333333333,"VantagePro","","SEGC"
"230",2012-09-13,173.979166666667,"VantagePro","","SEGC"
"231",2012-09-14,158.708333333333,"VantagePro","","SEGC"
"232",2012-09-15,153.458333333333,"VantagePro","","SEGC"
"233",2012-09-16,97.9583333333333,"VantagePro","","SEGC"
"234",2012-09-17,119.041666666667,"VantagePro","","SEGC"
"235",2012-09-18,197.604166666667,"VantagePro","","SEGC"
"236",2012-09-19,198.229166666667,"VantagePro","","SEGC"
"237",2012-09-20,149.729166666667,"VantagePro","","SEGC"
"238",2012-09-21,216.208333333333,"VantagePro","","SEGC"
"239",2012-09-22,196.458333333333,"VantagePro","","SEGC"
"240",2012-09-23,217.333333333333,"VantagePro","","SEGC"
"241",2012-09-24,91.0833333333333,"VantagePro","","SEGC"
"242",2012-09-25,152.875,"VantagePro","","SEGC"
"243",2012-09-26,169.541666666667,"VantagePro","","SEGC"
"244",2012-09-27,233.166666666667,"VantagePro","","SEGC"
"245",2012-09-28,183.041666666667,"VantagePro","","SEGC"
"246",2012-09-29,181.145833333333,"VantagePro","","SEGC"
"247",2012-09-30,171.208333333333,"VantagePro","","SEGC"
"248",2012-10-01,184.104166666667,"VantagePro","","SEGC"
"249",2012-10-02,192.458333333333,"VantagePro","","SEGC"
"250",2012-10-03,160.791666666667,"VantagePro","","SEGC"
"251",2012-10-04,149.541666666667,"VantagePro","","SEGC"
"252",2012-10-05,138.416666666667,"VantagePro","","SEGC"
"253",2012-10-06,189.875,"VantagePro","","SEGC"
"254",2012-10-07,166.3125,"VantagePro","","SEGC"
"255",2012-10-08,190.3125,"VantagePro","","SEGC"
"256",2012-10-09,98.5833333333333,"VantagePro","","SEGC"
"257",2012-10-10,238.3125,"VantagePro","","SEGC"
"258",2012-10-11,150.729166666667,"VantagePro","","SEGC"
"259",2012-10-12,145.645833333333,"VantagePro","","SEGC"
"260",2012-10-13,176.375,"VantagePro","","SEGC"
"261",2012-10-14,226.875,"VantagePro","","SEGC"
"262",2012-10-15,175.833333333333,"VantagePro","","SEGC"
"263",2012-10-16,197.6875,"VantagePro","","SEGC"
"264",2012-10-17,190.083333333333,"VantagePro","","SEGC"
"265",2012-10-18,184.270833333333,"VantagePro","","SEGC"
"266",2012-10-19,146.083333333333,"VantagePro","","SEGC"
"267",2012-10-20,140.916666666667,"VantagePro","","SEGC"
"268",2012-10-21,187,"VantagePro","","SEGC"
"269",2012-10-22,175.5625,"VantagePro","","SEGC"
"270",2012-10-23,78.2916666666667,"VantagePro","","SEGC"
"271",2012-10-24,101.125,"VantagePro","","SEGC"
"272",2012-10-25,219.145833333333,"VantagePro","","SEGC"
"273",2012-10-26,235.208333333333,"VantagePro","","SEGC"
"274",2012-10-27,172.270833333333,"VantagePro","","SEGC"
"275",2012-10-28,240.3125,"VantagePro","","SEGC"
"276",2012-10-29,165.833333333333,"VantagePro","","SEGC"
"277",2012-10-30,235.625,"VantagePro","","SEGC"
"278",2012-10-31,197.208333333333,"VantagePro","","SEGC"
"279",2012-11-01,212.291666666667,"VantagePro","","SEGC"
"280",2012-11-02,134.520833333333,"VantagePro","","SEGC"
"281",2012-11-03,186.729166666667,"VantagePro","","SEGC"
"282",2012-11-04,215.75,"VantagePro","","SEGC"
"283",2012-11-05,212.666666666667,"VantagePro","","SEGC"
"284",2012-11-06,151.708333333333,"VantagePro","","SEGC"
"285",2012-11-07,170.625,"VantagePro","","SEGC"
"286",2012-11-08,176.8125,"VantagePro","","SEGC"
"287",2012-11-09,246.4375,"VantagePro","","SEGC"
"288",2012-11-10,216.479166666667,"VantagePro","","SEGC"
"289",2012-11-11,229.645833333333,"VantagePro","","SEGC"
"290",2012-11-12,205.041666666667,"VantagePro","","SEGC"
"291",2012-11-13,197.666666666667,"VantagePro","","SEGC"
"292",2012-11-14,230.229166666667,"VantagePro","","SEGC"
"293",2012-11-15,144.833333333333,"VantagePro","","SEGC"
"294",2012-11-16,161.25,"VantagePro","","SEGC"
"295",2012-11-17,143.6875,"VantagePro","","SEGC"
"296",2012-11-18,142.083333333333,"VantagePro","","SEGC"
"297",2012-11-19,75.8333333333333,"VantagePro","","SEGC"
"298",2012-11-20,226.416666666667,"VantagePro","","SEGC"
"299",2012-11-21,193.25,"VantagePro","","SEGC"
"300",2012-11-22,182.8125,"VantagePro","","SEGC"
"301",2012-11-23,192.291666666667,"VantagePro","","SEGC"
"302",2012-11-24,177.375,"VantagePro","","SEGC"
"303",2012-11-25,115.041666666667,"VantagePro","","SEGC"
"304",2012-11-26,136.791666666667,"VantagePro","","SEGC"
"305",2012-11-27,173.8125,"VantagePro","","SEGC"
"306",2012-11-28,180.520833333333,"VantagePro","","SEGC"
"307",2012-11-29,243.354166666667,"VantagePro","","SEGC"
"308",2012-11-30,196.604166666667,"VantagePro","","SEGC"
"309",2012-12-01,116.229166666667,"VantagePro","","SEGC"
"310",2012-12-02,60.8125,"VantagePro","","SEGC"
"311",2012-12-03,205.458333333333,"VantagePro","","SEGC"
"312",2012-12-04,125.4375,"VantagePro","","SEGC"
"313",2012-12-05,152.375,"VantagePro","","SEGC"
"314",2012-12-06,170.104166666667,"VantagePro","","SEGC"
"315",2012-12-07,185.520833333333,"VantagePro","","SEGC"
"316",2012-12-08,119.9375,"VantagePro","","SEGC"
"317",2012-12-09,192.354166666667,"VantagePro","","SEGC"
"318",2012-12-10,236.833333333333,"VantagePro","","SEGC"
"319",2012-12-11,177.3125,"VantagePro","","SEGC"
"320",2012-12-12,208.229166666667,"VantagePro","","SEGC"
"321",2012-12-13,103.083333333333,"VantagePro","","SEGC"
"322",2012-12-14,171.708333333333,"VantagePro","","SEGC"
"323",2012-12-15,156.833333333333,"VantagePro","","SEGC"
"324",2012-12-16,192,"VantagePro","","SEGC"
"325",2012-12-17,221.4375,"VantagePro","","SEGC"
"326",2012-12-18,163.25,"VantagePro","","SEGC"
"327",2012-12-19,78.1458333333333,"VantagePro","","SEGC"
"328",2012-12-20,141.770833333333,"VantagePro","","SEGC"
"329",2012-12-21,176.020833333333,"VantagePro","","SEGC"
"330",2012-12-22,183.958333333333,"VantagePro","","SEGC"
"331",2012-12-23,173.395833333333,"VantagePro","","SEGC"
"332",2012-12-24,169.458333333333,"VantagePro","","SEGC"
"333",2012-12-25,107.125,"VantagePro","","SEGC"
"334",2012-12-26,157.458333333333,"VantagePro","","SEGC"
"335",2012-12-27,100.791666666667,"VantagePro","","SEGC"
"336",2012-12-28,178.895833333333,"VantagePro","","SEGC"
"337",2012-12-29,206.729166666667,"VantagePro","","SEGC"
"338",2012-12-30,144.6875,"VantagePro","","SEGC"
"339",2012-12-31,95.4791666666667,"VantagePro","","SEGC"
"340",2013-01-01,188.416666666667,"VantagePro","","SEGC"
"341",2013-01-02,135.8125,"VantagePro","","SEGC"
"342",2013-01-03,160.729166666667,"VantagePro","","SEGC"
"343",2013-01-04,192.479166666667,"VantagePro","","SEGC"
"344",2013-01-05,213.541666666667,"VantagePro","","SEGC"
"345",2013-01-06,197.041666666667,"VantagePro","","SEGC"
"346",2013-01-07,180.416666666667,"VantagePro","","SEGC"
"347",2013-01-08,130.895833333333,"VantagePro","","SEGC"
"348",2013-01-09,177.416666666667,"VantagePro","","SEGC"
"349",2013-01-10,203.833333333333,"VantagePro","","SEGC"
"350",2013-01-11,188.104166666667,"VantagePro","","SEGC"
"351",2013-01-12,132.958333333333,"VantagePro","","SEGC"
"352",2013-01-13,162.520833333333,"VantagePro","","SEGC"
"353",2013-01-14,152.145833333333,"VantagePro","","SEGC"
"354",2013-01-15,168.104166666667,"VantagePro","","SEGC"
"355",2013-01-16,41.0625,"VantagePro","","SEGC"
"356",2013-01-17,203.229166666667,"VantagePro","","SEGC"
"357",2013-01-18,48.8333333333333,"VantagePro","","SEGC"
"358",2013-01-19,243.229166666667,"VantagePro","","SEGC"
"359",2013-01-20,252.916666666667,"VantagePro","","SEGC"
"360",2013-01-21,202.145833333333,"VantagePro","","SEGC"
"361",2013-01-22,155.833333333333,"VantagePro","","SEGC"
"362",2013-01-23,178.333333333333,"VantagePro","","SEGC"
"363",2013-01-24,179.604166666667,"VantagePro","","SEGC"
"364",2013-01-25,251.895833333333,"VantagePro","","SEGC"
"365",2013-01-26,236.166666666667,"VantagePro","","SEGC"
"366",2013-01-27,188.25,"VantagePro","","SEGC"
"367",2013-01-28,259.5,"VantagePro","","SEGC"
"368",2013-01-29,207.145833333333,"VantagePro","","SEGC"
"369",2013-01-30,153.958333333333,"VantagePro","","SEGC"
"370",2013-01-31,251.9375,"VantagePro","","SEGC"
"371",2013-02-01,161.8125,"VantagePro","","SEGC"
"372",2013-02-02,215.416666666667,"VantagePro","","SEGC"
"373",2013-02-03,260.166666666667,"VantagePro","","SEGC"
"374",2013-02-04,217.020833333333,"VantagePro","","SEGC"
"375",2013-02-05,224,"VantagePro","","SEGC"
"376",2013-02-06,215.75,"VantagePro","","SEGC"
"377",2013-02-07,159.125,"VantagePro","","SEGC"
"378",2013-02-08,185.0625,"VantagePro","","SEGC"
"379",2013-02-09,148.5625,"VantagePro","","SEGC"
"380",2013-02-10,181.1875,"VantagePro","","SEGC"
"381",2013-02-11,139.166666666667,"VantagePro","","SEGC"
"382",2013-02-12,169.3125,"VantagePro","","SEGC"
"383",2013-02-13,234.6875,"VantagePro","","SEGC"
"384",2013-02-14,241.416666666667,"VantagePro","","SEGC"
"385",2013-02-15,185.854166666667,"VantagePro","","SEGC"
"386",2013-02-16,233.645833333333,"VantagePro","","SEGC"
"387",2013-02-17,154.916666666667,"VantagePro","","SEGC"
"388",2013-02-18,187.041666666667,"VantagePro","","SEGC"
"389",2013-02-19,219.229166666667,"VantagePro","","SEGC"
"390",2013-02-20,233.854166666667,"VantagePro","","SEGC"
"391",2013-02-21,264.3125,"VantagePro","","SEGC"
"392",2013-02-22,234.875,"VantagePro","","SEGC"
"393",2013-02-23,201.5,"VantagePro","","SEGC"
"394",2013-02-24,114.104166666667,"VantagePro","","SEGC"
"395",2013-02-25,214.875,"VantagePro","","SEGC"
"396",2013-02-26,213.1875,"VantagePro","","SEGC"
"397",2013-02-27,103.645833333333,"VantagePro","","SEGC"
"398",2013-02-28,237.9375,"VantagePro","","SEGC"
"399",2013-03-01,215,"VantagePro","","SEGC"
"400",2013-03-02,197.25,"VantagePro","","SEGC"
"401",2013-03-03,221.9375,"VantagePro","","SEGC"
"402",2013-03-04,208.625,"VantagePro","","SEGC"
"403",2013-03-05,259.9375,"VantagePro","","SEGC"
"404",2013-03-06,155.916666666667,"VantagePro","","SEGC"
"405",2013-03-07,242.4375,"VantagePro","","SEGC"
"406",2013-03-08,190.145833333333,"VantagePro","","SEGC"
"407",2013-03-09,132.895833333333,"VantagePro","","SEGC"
"408",2013-03-10,213.354166666667,"VantagePro","","SEGC"
"409",2013-03-11,170.020833333333,"VantagePro","","SEGC"
"410",2013-03-12,195.645833333333,"VantagePro","","SEGC"
"411",2013-03-13,279.75,"VantagePro","","SEGC"
"412",2013-03-14,212.041666666667,"VantagePro","","SEGC"
"413",2013-03-15,251.75,"VantagePro","","SEGC"
"414",2013-03-16,197.8125,"VantagePro","","SEGC"
"415",2013-03-17,207.854166666667,"VantagePro","","SEGC"
"416",2013-03-18,271.625,"VantagePro","","SEGC"
"417",2013-03-19,233.458333333333,"VantagePro","","SEGC"
"418",2013-03-20,228.5,"VantagePro","","SEGC"
"419",2013-03-21,157,"VantagePro","","SEGC"
"420",2013-03-22,222.458333333333,"VantagePro","","SEGC"
"421",2013-03-23,160.479166666667,"VantagePro","","SEGC"
"422",2013-03-24,221.604166666667,"VantagePro","","SEGC"
"423",2013-03-25,151.333333333333,"VantagePro","","SEGC"
"424",2013-03-26,241.416666666667,"VantagePro","","SEGC"
"425",2013-03-27,214.645833333333,"VantagePro","","SEGC"
"426",2013-03-28,251.0625,"VantagePro","","SEGC"
"427",2013-03-29,244.4375,"VantagePro","","SEGC"
"428",2013-03-30,219.25,"VantagePro","","SEGC"
"429",2013-03-31,239.25,"VantagePro","","SEGC"
"430",2013-04-01,225.958333333333,"VantagePro","","SEGC"
"431",2013-04-02,253.708333333333,"VantagePro","","SEGC"
"432",2013-04-03,199.25,"VantagePro","","SEGC"
"433",2013-04-04,267.104166666667,"VantagePro","","SEGC"
"434",2013-04-05,171.416666666667,"VantagePro","","SEGC"
"435",2013-04-06,225.75,"VantagePro","","SEGC"
"436",2013-04-07,90.1666666666667,"VantagePro","","SEGC"
"437",2013-04-08,169.9375,"VantagePro","","SEGC"
"438",2013-04-09,228.895833333333,"VantagePro","","SEGC"
"439",2013-04-10,120.8125,"VantagePro","","SEGC"
"440",2013-04-11,250.041666666667,"VantagePro","","SEGC"
"441",2013-04-12,247.979166666667,"VantagePro","","SEGC"
"442",2013-04-13,194.625,"VantagePro","","SEGC"
"443",2013-04-14,247.979166666667,"VantagePro","","SEGC"
"444",2013-04-15,190.708333333333,"VantagePro","","SEGC"
"445",2013-04-16,207.895833333333,"VantagePro","","SEGC"
"446",2013-04-17,202.229166666667,"VantagePro","","SEGC"
"447",2013-04-18,269.125,"VantagePro","","SEGC"
"448",2013-04-19,200.520833333333,"VantagePro","","SEGC"
"449",2013-04-20,217.25,"VantagePro","","SEGC"
"450",2013-04-21,218.145833333333,"VantagePro","","SEGC"
"451",2013-04-22,206.541666666667,"VantagePro","","SEGC"
"452",2013-04-23,162.666666666667,"VantagePro","","SEGC"
"453",2013-04-24,146.916666666667,"VantagePro","","SEGC"
"454",2013-04-25,236.3125,"VantagePro","","SEGC"
"455",2013-04-26,235.0625,"VantagePro","","SEGC"
"456",2013-04-27,147.708333333333,"VantagePro","","SEGC"
"457",2013-04-28,251.25,"VantagePro","","SEGC"
"458",2013-04-29,216.395833333333,"VantagePro","","SEGC"
"459",2013-04-30,228.479166666667,"VantagePro","","SEGC"
"460",2013-05-01,248.854166666667,"VantagePro","","SEGC"
"461",2013-05-02,237.979166666667,"VantagePro","","SEGC"
"462",2013-05-03,194.708333333333,"VantagePro","","SEGC"
"463",2013-05-04,220.1875,"VantagePro","","SEGC"
"464",2013-05-05,146.3125,"VantagePro","","SEGC"
"465",2013-05-06,218.583333333333,"VantagePro","","SEGC"
"466",2013-05-07,103.979166666667,"VantagePro","","SEGC"
"467",2013-05-08,179,"VantagePro","","SEGC"
"468",2013-05-09,189.0625,"VantagePro","","SEGC"
"469",2013-05-10,189.166666666667,"VantagePro","","SEGC"
"470",2013-05-11,153.541666666667,"VantagePro","","SEGC"
"471",2013-05-12,191.604166666667,"VantagePro","","SEGC"
"472",2013-05-13,135.791666666667,"VantagePro","","SEGC"
"473",2013-05-14,210.833333333333,"VantagePro","","SEGC"
"474",2013-05-15,159.583333333333,"VantagePro","","SEGC"
"475",2013-05-16,197.145833333333,"VantagePro","","SEGC"
"476",2013-05-17,109.104166666667,"VantagePro","","SEGC"
"477",2013-05-18,120.8125,"VantagePro","","SEGC"
"478",2013-05-19,159.8125,"VantagePro","","SEGC"
"479",2013-05-20,113.395833333333,"VantagePro","","SEGC"
"480",2013-05-21,222.3125,"VantagePro","","SEGC"
"481",2013-05-22,186.229166666667,"VantagePro","","SEGC"
"482",2013-05-23,181.104166666667,"VantagePro","","SEGC"
"483",2013-05-24,172.4375,"VantagePro","","SEGC"
"484",2013-05-25,165.791666666667,"VantagePro","","SEGC"
"485",2013-05-26,161.375,"VantagePro","","SEGC"
"486",2013-05-27,143.625,"VantagePro","","SEGC"
"487",2013-05-28,132.354166666667,"VantagePro","","SEGC"
"488",2013-05-29,129.1875,"VantagePro","","SEGC"
"489",2013-05-30,173.458333333333,"VantagePro","","SEGC"
"490",2013-05-31,173.333333333333,"VantagePro","","SEGC"
"491",2013-06-01,122.854166666667,"VantagePro","","SEGC"
"492",2013-06-02,186.854166666667,"VantagePro","","SEGC"
"493",2013-06-03,197.958333333333,"VantagePro","","SEGC"
"494",2013-06-04,84.6875,"VantagePro","","SEGC"
"495",2013-06-05,144.791666666667,"VantagePro","","SEGC"
"496",2013-06-06,194.395833333333,"VantagePro","","SEGC"
"497",2013-06-07,181.9375,"VantagePro","","SEGC"
"498",2013-06-08,187.1875,"VantagePro","","SEGC"
"499",2013-06-09,144.604166666667,"VantagePro","","SEGC"
"500",2013-06-10,167.4375,"VantagePro","","SEGC"
"501",2013-06-11,174.9375,"VantagePro","","SEGC"
"502",2013-06-12,212.208333333333,"VantagePro","","SEGC"
"503",2013-06-13,110.5625,"VantagePro","","SEGC"
"504",2013-06-14,147.645833333333,"VantagePro","","SEGC"
"505",2013-06-15,140.041666666667,"VantagePro","","SEGC"
"506",2013-06-16,113.770833333333,"VantagePro","","SEGC"
"507",2013-06-17,70.1458333333333,"VantagePro","","SEGC"
"508",2013-06-18,68.9166666666667,"VantagePro","","SEGC"
"509",2013-06-19,116.354166666667,"VantagePro","","SEGC"
"510",2013-06-20,115.5625,"VantagePro","","SEGC"
"511",2013-06-21,90.7083333333333,"VantagePro","","SEGC"
"512",2013-06-22,142.8125,"VantagePro","","SEGC"
"513",2013-06-23,109.5625,"VantagePro","","SEGC"
"514",2013-06-24,83.75,"VantagePro","","SEGC"
"515",2013-06-25,82.5208333333333,"VantagePro","","SEGC"
"516",2013-06-26,111.4375,"VantagePro","","SEGC"
"517",2013-06-27,172.979166666667,"VantagePro","","SEGC"
"518",2013-06-28,198.645833333333,"VantagePro","","SEGC"
"519",2013-06-29,167.979166666667,"VantagePro","","SEGC"
"520",2013-06-30,169.8125,"VantagePro","","SEGC"
"521",2013-07-01,78.7083333333333,"VantagePro","","SEGC"
"522",2013-07-02,100.333333333333,"VantagePro","","SEGC"
"523",2013-07-03,97.6458333333333,"VantagePro","","SEGC"
"524",2013-07-04,123.645833333333,"VantagePro","","SEGC"
"525",2013-07-05,88.4375,"VantagePro","","SEGC"
"526",2013-07-06,117.125,"VantagePro","","SEGC"
"527",2013-07-07,114.333333333333,"VantagePro","","SEGC"
"528",2013-07-08,76.8333333333333,"VantagePro","","SEGC"
"529",2013-07-09,104.166666666667,"VantagePro","","SEGC"
"530",2013-07-10,82.0416666666667,"VantagePro","","SEGC"
"531",2013-07-11,135.75,"VantagePro","","SEGC"
"532",2013-07-12,120.645833333333,"VantagePro","","SEGC"
"533",2013-07-13,101.145833333333,"VantagePro","","SEGC"
"534",2013-07-14,112.104166666667,"VantagePro","","SEGC"
"535",2013-07-15,148.625,"VantagePro","","SEGC"
"536",2013-07-16,78.2291666666667,"VantagePro","","SEGC"
"537",2013-07-17,91.4791666666667,"VantagePro","","SEGC"
"538",2013-07-18,121.770833333333,"VantagePro","","SEGC"
"539",2013-07-19,107.770833333333,"VantagePro","","SEGC"
"540",2013-07-20,153.0625,"VantagePro","","SEGC"
"541",2013-07-21,79.6041666666667,"VantagePro","","SEGC"
"542",2013-07-22,152.229166666667,"VantagePro","","SEGC"
"543",2013-07-23,94.3125,"VantagePro","","SEGC"
"544",2013-07-24,66.2291666666667,"VantagePro","","SEGC"
"545",2013-07-25,152.104166666667,"VantagePro","","SEGC"
"546",2013-07-26,133.3125,"VantagePro","","SEGC"
"547",2013-07-27,194,"VantagePro","","SEGC"
"548",2013-07-28,155.583333333333,"VantagePro","","SEGC"
"549",2013-07-29,137.229166666667,"VantagePro","","SEGC"
"550",2013-07-30,206.791666666667,"VantagePro","","SEGC"
"551",2013-07-31,129.8125,"VantagePro","","SEGC"
"552",2013-08-01,147.333333333333,"VantagePro","","SEGC"
"553",2013-08-02,192.916666666667,"VantagePro","","SEGC"
"554",2013-08-03,220.708333333333,"VantagePro","","SEGC"
"555",2013-08-04,198.645833333333,"VantagePro","","SEGC"
"556",2013-08-05,62.9166666666667,"VantagePro","","SEGC"
"557",2013-08-06,171.916666666667,"VantagePro","","SEGC"
"558",2013-08-07,215.5,"VantagePro","","SEGC"
"559",2013-08-08,158.6875,"VantagePro","","SEGC"
"560",2013-08-09,173.770833333333,"VantagePro","","SEGC"
"561",2013-08-10,97.9166666666667,"VantagePro","","SEGC"
"562",2013-08-11,112.25,"VantagePro","","SEGC"
"563",2013-08-12,186.104166666667,"VantagePro","","SEGC"
"564",2013-08-13,174.375,"VantagePro","","SEGC"
"565",2013-08-14,125.5,"VantagePro","","SEGC"
"566",2013-08-15,87.1875,"VantagePro","","SEGC"
"567",2013-08-16,253.666666666667,"VantagePro","","SEGC"
"568",2013-08-17,200.041666666667,"VantagePro","","SEGC"
"569",2013-08-18,156.916666666667,"VantagePro","","SEGC"
"570",2013-08-19,138.520833333333,"VantagePro","","SEGC"
"571",2013-08-20,85.9583333333333,"VantagePro","","SEGC"
"572",2013-08-21,139.541666666667,"VantagePro","","SEGC"
"573",2013-08-22,70.9791666666667,"VantagePro","","SEGC"
"574",2013-08-23,63.6875,"VantagePro","","SEGC"
"575",2013-08-24,158.145833333333,"VantagePro","","SEGC"
"576",2013-08-25,105.3125,"VantagePro","","SEGC"
"577",2013-08-26,113.083333333333,"VantagePro","","SEGC"
"578",2013-08-27,110.229166666667,"VantagePro","","SEGC"
"579",2013-08-28,107.020833333333,"VantagePro","","SEGC"
"580",2013-08-29,94.5833333333333,"VantagePro","","SEGC"
"581",2013-08-30,105.041666666667,"VantagePro","","SEGC"
"582",2013-08-31,115.75,"VantagePro","","SEGC"
"583",2013-09-01,141.6875,"VantagePro","","SEGC"
"584",2013-09-02,242.479166666667,"VantagePro","","SEGC"
"585",2013-09-03,124.791666666667,"VantagePro","","SEGC"
"586",2013-09-04,151.041666666667,"VantagePro","","SEGC"
"587",2013-09-05,124.770833333333,"VantagePro","","SEGC"
"588",2013-09-06,147.895833333333,"VantagePro","","SEGC"
"589",2013-09-07,169.6875,"VantagePro","","SEGC"
"590",2013-09-08,150.854166666667,"VantagePro","","SEGC"
"591",2013-09-09,171.895833333333,"VantagePro","","SEGC"
"592",2013-09-10,144.791666666667,"VantagePro","","SEGC"
"593",2013-09-11,110.479166666667,"VantagePro","","SEGC"
"594",2013-09-12,197.270833333333,"VantagePro","","SEGC"
"595",2013-09-13,122.104166666667,"VantagePro","","SEGC"
"596",2013-09-14,180.666666666667,"VantagePro","","SEGC"
"597",2013-09-15,176.208333333333,"VantagePro","","SEGC"
"598",2013-09-16,163.125,"VantagePro","","SEGC"
"599",2013-09-17,202.104166666667,"VantagePro","","SEGC"
"600",2013-09-18,144.645833333333,"VantagePro","","SEGC"
"601",2013-09-19,156.145833333333,"VantagePro","","SEGC"
"602",2013-09-20,160.4375,"VantagePro","","SEGC"
"603",2013-09-21,211.541666666667,"VantagePro","","SEGC"
"604",2013-09-22,192.104166666667,"VantagePro","","SEGC"
"605",2013-09-23,104.1875,"VantagePro","","SEGC"
"606",2013-09-24,89.5,"VantagePro","","SEGC"
"607",2013-09-25,128.083333333333,"VantagePro","","SEGC"
"608",2013-09-26,136.5,"VantagePro","","SEGC"
"609",2013-09-27,199.458333333333,"VantagePro","","SEGC"
"610",2013-09-28,124.520833333333,"VantagePro","","SEGC"
"611",2013-09-29,152.395833333333,"VantagePro","","SEGC"
"612",2013-09-30,154.145833333333,"VantagePro","","SEGC"
"613",2013-10-01,127.895833333333,"VantagePro","","SEGC"
"614",2013-10-02,170.041666666667,"VantagePro","","SEGC"
"615",2013-10-03,192.729166666667,"VantagePro","","SEGC"
"616",2013-10-04,105.395833333333,"VantagePro","","SEGC"
"617",2013-10-05,150.041666666667,"VantagePro","","SEGC"
"618",2013-10-06,161.520833333333,"VantagePro","","SEGC"
"619",2013-10-07,156.458333333333,"VantagePro","","SEGC"
"620",2013-10-08,150.9375,"VantagePro","","SEGC"
"621",2013-10-09,146.333333333333,"VantagePro","","SEGC"
"622",2013-10-10,183.125,"VantagePro","","SEGC"
"623",2013-10-11,156,"VantagePro","","SEGC"
"624",2013-10-12,186.4375,"VantagePro","","SEGC"
"625",2013-10-13,181.270833333333,"VantagePro","","SEGC"
"626",2013-10-14,139.354166666667,"VantagePro","","SEGC"
"627",2013-10-15,168.958333333333,"VantagePro","","SEGC"
"628",2013-10-16,268.916666666667,"VantagePro","","SEGC"
"629",2013-10-17,184.375,"VantagePro","","SEGC"
"630",2013-10-18,224.854166666667,"VantagePro","","SEGC"
"631",2013-10-19,190.083333333333,"VantagePro","","SEGC"
"632",2013-10-20,137.604166666667,"VantagePro","","SEGC"
"633",2013-10-21,167.833333333333,"VantagePro","","SEGC"
"634",2013-10-22,106.583333333333,"VantagePro","","SEGC"
"635",2013-10-23,245.541666666667,"VantagePro","","SEGC"
"636",2013-10-24,221.145833333333,"VantagePro","","SEGC"
"637",2013-10-25,34.1304347826087,"VantagePro","","SEGC"
"638",2013-12-05,273.384615384615,"VantagePro","","SEGC"
"639",2013-12-06,109.604166666667,"VantagePro","","SEGC"
"640",2013-12-07,134.729166666667,"VantagePro","","SEGC"
"641",2013-12-08,231.979166666667,"VantagePro","","SEGC"
"642",2013-12-09,201.645833333333,"VantagePro","","SEGC"
"643",2013-12-10,246.666666666667,"VantagePro","","SEGC"
"644",2013-12-11,52.7708333333333,"VantagePro","","SEGC"
"645",2013-12-12,82.8125,"VantagePro","","SEGC"
"646",2013-12-13,211.625,"VantagePro","","SEGC"
"647",2013-12-14,205.458333333333,"VantagePro","","SEGC"
"648",2013-12-15,126.604166666667,"VantagePro","","SEGC"
"649",2013-12-16,197.770833333333,"VantagePro","","SEGC"
"650",2013-12-17,204.1875,"VantagePro","","SEGC"
"651",2013-12-18,225.125,"VantagePro","","SEGC"
"652",2013-12-19,223.958333333333,"VantagePro","","SEGC"
"653",2013-12-20,190.666666666667,"VantagePro","","SEGC"
"654",2013-12-21,203.8125,"VantagePro","","SEGC"
"655",2013-12-22,148.6875,"VantagePro","","SEGC"
"656",2013-12-23,186.625,"VantagePro","","SEGC"
"657",2013-12-24,169.770833333333,"VantagePro","","SEGC"
"658",2013-12-25,53.8333333333333,"VantagePro","","SEGC"
"659",2013-12-26,147.729166666667,"VantagePro","","SEGC"
"660",2013-12-27,236.958333333333,"VantagePro","","SEGC"
"661",2013-12-28,196.625,"VantagePro","","SEGC"
"662",2013-12-29,170.125,"VantagePro","","SEGC"
"663",2013-12-30,198.458333333333,"VantagePro","","SEGC"
"664",2013-12-31,153,"VantagePro","","SEGC"
"665",2014-01-01,171.1875,"VantagePro","","SEGC"
"666",2014-01-02,193.416666666667,"VantagePro","","SEGC"
"667",2014-01-03,149.25,"VantagePro","","SEGC"
"668",2014-01-04,162.3125,"VantagePro","","SEGC"
"669",2014-01-05,186.916666666667,"VantagePro","","SEGC"
"670",2014-01-06,201.041666666667,"VantagePro","","SEGC"
"671",2014-01-07,159.708333333333,"VantagePro","","SEGC"
"672",2014-01-08,178.041666666667,"VantagePro","","SEGC"
"673",2014-01-09,166.4375,"VantagePro","","SEGC"
"674",2014-01-10,185.208333333333,"VantagePro","","SEGC"
"675",2014-01-11,143.291666666667,"VantagePro","","SEGC"
"676",2014-01-12,113.604166666667,"VantagePro","","SEGC"
"677",2014-01-13,155.125,"VantagePro","","SEGC"
"678",2014-01-14,173.9375,"VantagePro","","SEGC"
"679",2014-01-15,213.083333333333,"VantagePro","","SEGC"
"680",2014-01-16,147.479166666667,"VantagePro","","SEGC"
"681",2014-01-17,161.583333333333,"VantagePro","","SEGC"
"682",2014-01-18,177.25,"VantagePro","","SEGC"
"683",2014-01-19,169.604166666667,"VantagePro","","SEGC"
"684",2014-01-20,175.020833333333,"VantagePro","","SEGC"
"685",2014-01-21,210.25,"VantagePro","","SEGC"
"686",2014-01-22,200.916666666667,"VantagePro","","SEGC"
"687",2014-01-23,198.5625,"VantagePro","","SEGC"
"688",2014-01-24,69.1875,"VantagePro","","SEGC"
"689",2014-01-25,208.083333333333,"VantagePro","","SEGC"
"690",2014-01-26,208.375,"VantagePro","","SEGC"
"691",2014-01-27,255.289473684211,"VantagePro","","SEGC"
"692",2013-04-29,271.194358974359,"SKYE","","SEGC"
"693",2013-04-30,231.983958333333,"SKYE","","SEGC"
"694",2013-05-01,251.679166666667,"SKYE","","SEGC"
"695",2013-05-02,246.36625,"SKYE","","SEGC"
"696",2013-05-03,199.332708333333,"SKYE","","SEGC"
"697",2013-05-04,235.178125,"SKYE","","SEGC"
"698",2013-05-05,150.166458333333,"SKYE","","SEGC"
"699",2013-05-06,220.908125,"SKYE","","SEGC"
"700",2013-05-07,106.184791666667,"SKYE","","SEGC"
"701",2013-05-08,186.137291666667,"SKYE","","SEGC"
"702",2013-05-09,194.851666666667,"SKYE","","SEGC"
"703",2013-05-10,197.906666666667,"SKYE","","SEGC"
"704",2013-05-11,160.297916666667,"SKYE","","SEGC"
"705",2013-05-12,203.61125,"SKYE","","SEGC"
"706",2013-05-13,142.081666666667,"SKYE","","SEGC"
"707",2013-05-14,214.301041666667,"SKYE","","SEGC"
"708",2013-05-15,166.854791666667,"SKYE","","SEGC"
"709",2013-05-16,207.308958333333,"SKYE","","SEGC"
"710",2013-05-17,113.677708333333,"SKYE","","SEGC"
"711",2013-05-18,125.643333333333,"SKYE","","SEGC"
"712",2013-05-19,167.66,"SKYE","","SEGC"
"713",2013-05-20,116.358125,"SKYE","","SEGC"
"714",2013-05-21,231.140416666667,"SKYE","","SEGC"
"715",2013-05-22,200.61875,"SKYE","","SEGC"
"716",2013-05-23,189.288125,"SKYE","","SEGC"
"717",2013-05-24,181.247083333333,"SKYE","","SEGC"
"718",2013-05-25,171.341666666667,"SKYE","","SEGC"
"719",2013-05-26,164.804791666667,"SKYE","","SEGC"
"720",2013-05-27,151.409375,"SKYE","","SEGC"
"721",2013-05-28,135.782291666667,"SKYE","","SEGC"
"722",2013-05-29,132.519375,"SKYE","","SEGC"
"723",2013-05-30,180.023125,"SKYE","","SEGC"
"724",2013-05-31,183.720208333333,"SKYE","","SEGC"
"725",2013-06-01,128.932708333333,"SKYE","","SEGC"
"726",2013-06-02,195.983125,"SKYE","","SEGC"
"727",2013-06-03,202.912291666667,"SKYE","","SEGC"
"728",2013-06-04,86.35,"SKYE","","SEGC"
"729",2013-06-05,150.756875,"SKYE","","SEGC"
"730",2013-06-06,201.423333333333,"SKYE","","SEGC"
"731",2013-06-07,189.589791666667,"SKYE","","SEGC"
"732",2013-06-08,197.482291666667,"SKYE","","SEGC"
"733",2013-06-09,150.132708333333,"SKYE","","SEGC"
"734",2013-06-10,179.477916666667,"SKYE","","SEGC"
"735",2013-06-11,185.415208333333,"SKYE","","SEGC"
"736",2013-06-12,216.986458333333,"SKYE","","SEGC"
"737",2013-06-13,118.519375,"SKYE","","SEGC"
"738",2013-06-14,158.268541666667,"SKYE","","SEGC"
"739",2013-06-15,148.606666666667,"SKYE","","SEGC"
"740",2013-06-16,119.684583333333,"SKYE","","SEGC"
"741",2013-06-17,73.1552083333333,"SKYE","","SEGC"
"742",2013-06-18,71.97375,"SKYE","","SEGC"
"743",2013-06-19,125.707083333333,"SKYE","","SEGC"
"744",2013-06-20,122.534791666667,"SKYE","","SEGC"
"745",2013-06-21,94.226875,"SKYE","","SEGC"
"746",2013-06-22,157.637916666667,"SKYE","","SEGC"
"747",2013-06-23,117.725,"SKYE","","SEGC"
"748",2013-06-24,90.6039583333333,"SKYE","","SEGC"
"749",2013-06-25,86.4820833333333,"SKYE","","SEGC"
"750",2013-06-26,118.381041666667,"SKYE","","SEGC"
"751",2013-06-27,182.576458333333,"SKYE","","SEGC"
"752",2013-06-28,184.921304347826,"SKYE","","SEGC"
"753",2013-06-29,74.4813888888889,"SKYE","","SEGC"
"754",2013-06-30,180.711458333333,"SKYE","","SEGC"
"755",2013-07-01,82.726875,"SKYE","","SEGC"
"756",2013-07-02,106.643541666667,"SKYE","","SEGC"
"757",2013-07-03,114.057333333333,"SKYE","","SEGC"
"758",2013-07-04,131.364895833333,"SKYE","","SEGC"
"759",2013-07-05,88.1802083333333,"SKYE","","SEGC"
"760",2013-07-06,133.932747252747,"SKYE","","SEGC"
"761",2013-07-07,123.016666666667,"SKYE","","SEGC"
"762",2013-07-08,80.7302083333333,"SKYE","","SEGC"
"763",2013-07-09,112.53875,"SKYE","","SEGC"
"764",2013-07-10,88.6014583333333,"SKYE","","SEGC"
"765",2013-07-11,146.276041666667,"SKYE","","SEGC"
"766",2013-07-12,129.070625,"SKYE","","SEGC"
"767",2013-07-13,106.611041666667,"SKYE","","SEGC"
"768",2013-07-14,118.041875,"SKYE","","SEGC"
"769",2013-07-15,163.284375,"SKYE","","SEGC"
"770",2013-07-16,84.3845833333333,"SKYE","","SEGC"
"771",2013-07-17,96.155,"SKYE","","SEGC"
"772",2013-07-18,130.225833333333,"SKYE","","SEGC"
"773",2013-07-19,114.996458333333,"SKYE","","SEGC"
"774",2013-07-20,168.703125,"SKYE","","SEGC"
"775",2013-07-21,84.0089583333333,"SKYE","","SEGC"
"776",2013-07-22,162.738958333333,"SKYE","","SEGC"
"777",2013-07-23,103.448958333333,"SKYE","","SEGC"
"778",2013-07-24,69.58,"SKYE","","SEGC"
"779",2013-07-25,163.347916666667,"SKYE","","SEGC"
"780",2013-07-26,142.57875,"SKYE","","SEGC"
"781",2013-07-27,206.100416666667,"SKYE","","SEGC"
"782",2013-07-28,167.405833333333,"SKYE","","SEGC"
"783",2013-07-29,148.0975,"SKYE","","SEGC"
"784",2013-07-30,143.367291666667,"SKYE","","SEGC"
"785",2013-07-31,137.059166666667,"SKYE","","SEGC"
"786",2013-08-01,159.602916666667,"SKYE","","SEGC"
"787",2013-08-02,205.433333333333,"SKYE","","SEGC"
"788",2013-08-03,233.254166666667,"SKYE","","SEGC"
"789",2013-08-04,214.539375,"SKYE","","SEGC"
"790",2013-08-05,66.7827083333333,"SKYE","","SEGC"
"791",2013-08-06,185.362708333333,"SKYE","","SEGC"
"792",2013-08-07,234.159791666667,"SKYE","","SEGC"
"793",2013-08-08,173.348958333333,"SKYE","","SEGC"
"794",2013-08-09,196.751666666667,"SKYE","","SEGC"
"795",2013-08-10,106.711666666667,"SKYE","","SEGC"
"796",2013-08-11,121.628333333333,"SKYE","","SEGC"
"797",2013-08-12,203.929166666667,"SKYE","","SEGC"
"798",2013-08-13,189.584583333333,"SKYE","","SEGC"
"799",2013-08-14,136.439166666667,"SKYE","","SEGC"
"800",2013-08-15,94.025625,"SKYE","","SEGC"
"801",2013-08-16,274.019791666667,"SKYE","","SEGC"
"802",2013-08-17,215.047291666667,"SKYE","","SEGC"
"803",2013-08-18,174.090208333333,"SKYE","","SEGC"
"804",2013-08-19,155.248958333333,"SKYE","","SEGC"
"805",2013-08-20,93.2420833333333,"SKYE","","SEGC"
"806",2013-08-21,154.454166666667,"SKYE","","SEGC"
"807",2013-08-22,74.0979166666667,"SKYE","","SEGC"
"808",2013-08-23,66.0997916666667,"SKYE","","SEGC"
"809",2013-08-24,170.127291666667,"SKYE","","SEGC"
"810",2013-08-25,113.4025,"SKYE","","SEGC"
"811",2013-08-26,122.746666666667,"SKYE","","SEGC"
"812",2013-08-27,121.353125,"SKYE","","SEGC"
"813",2013-08-28,114.117291666667,"SKYE","","SEGC"
"814",2013-08-29,100.24375,"SKYE","","SEGC"
"815",2013-08-30,114.275833333333,"SKYE","","SEGC"
"816",2013-08-31,64.7445,"SKYE","","SEGC"
"817",2013-10-09,20.2492857142857,"SKYE","","SEGC"
"818",2013-10-10,201.7675,"SKYE","","SEGC"
"819",2013-10-11,175.261458333333,"SKYE","","SEGC"
"820",2013-10-12,208.210833333333,"SKYE","","SEGC"
"821",2013-10-13,204.596170212766,"SKYE","","SEGC"
"822",2013-10-14,163.439791666667,"SKYE","","SEGC"
"823",2013-10-15,185.336458333333,"SKYE","","SEGC"
"824",2013-10-16,295.399583333333,"SKYE","","SEGC"
"825",2013-10-17,201.913333333333,"SKYE","","SEGC"
"826",2013-10-18,245.740416666667,"SKYE","","SEGC"
"827",2013-10-19,218.476875,"SKYE","","SEGC"
"828",2013-10-20,155.377291666667,"SKYE","","SEGC"
"829",2013-10-21,193.748541666667,"SKYE","","SEGC"
"830",2013-10-22,118.42375,"SKYE","","SEGC"
"831",2013-10-23,278.231875,"SKYE","","SEGC"
"832",2013-10-24,251.63625,"SKYE","","SEGC"
"833",2013-10-25,34.4857446808511,"SKYE","","SEGC"
"834",2013-10-26,265.773958333333,"SKYE","","SEGC"
"835",2013-10-27,220.129166666667,"SKYE","","SEGC"
"836",2013-10-28,199.575625,"SKYE","","SEGC"
"837",2013-10-29,236.401666666667,"SKYE","","SEGC"
"838",2013-10-30,207.374166666667,"SKYE","","SEGC"
"839",2013-10-31,231.792916666667,"SKYE","","SEGC"
"840",2013-11-01,232.015,"SKYE","","SEGC"
"841",2013-11-02,104.271041666667,"SKYE","","SEGC"
"842",2013-11-03,177.105625,"SKYE","","SEGC"
"843",2013-11-04,87.3304166666667,"SKYE","","SEGC"
"844",2013-11-05,207.638125,"SKYE","","SEGC"
"845",2013-11-06,312.238333333333,"SKYE","","SEGC"
"846",2013-11-07,285.292708333333,"SKYE","","SEGC"
"847",2013-11-08,254.55,"SKYE","","SEGC"
"848",2013-11-09,145.777708333333,"SKYE","","SEGC"
"849",2013-11-10,259.930208333333,"SKYE","","SEGC"
"850",2013-11-11,238.074791666667,"SKYE","","SEGC"
"851",2013-11-12,64.6645833333333,"SKYE","","SEGC"
"852",2013-11-13,156.07625,"SKYE","","SEGC"
"853",2013-11-14,129.674791666667,"SKYE","","SEGC"
"854",2013-11-15,177.72,"SKYE","","SEGC"
"855",2013-11-16,266.610208333333,"SKYE","","SEGC"
"856",2013-11-17,245.263958333333,"SKYE","","SEGC"
"857",2013-11-18,187.6375,"SKYE","","SEGC"
"858",2013-11-19,247.726875,"SKYE","","SEGC"
"859",2013-11-20,206.106875,"SKYE","","SEGC"
"860",2013-11-21,237.53,"SKYE","","SEGC"
"861",2013-11-22,217.936666666667,"SKYE","","SEGC"
"862",2013-11-23,238.382291666667,"SKYE","","SEGC"
"863",2013-11-24,122.742708333333,"SKYE","","SEGC"
"864",2013-11-25,185.496666666667,"SKYE","","SEGC"
"865",2013-11-26,208.215208333333,"SKYE","","SEGC"
"866",2013-11-27,221.786875,"SKYE","","SEGC"
"867",2013-11-28,234.87625,"SKYE","","SEGC"
"868",2013-11-29,272.877291666667,"SKYE","","SEGC"
"869",2013-11-30,172.820833333333,"SKYE","","SEGC"
"870",2013-12-01,129.097708333333,"SKYE","","SEGC"
"871",2013-12-02,121.299791666667,"SKYE","","SEGC"
"872",2013-12-03,202.53625,"SKYE","","SEGC"
"873",2013-12-04,93.4375,"SKYE","","SEGC"
"874",2013-12-05,211.811875,"SKYE","","SEGC"
"875",2013-12-06,123.93375,"SKYE","","SEGC"
"876",2013-12-07,148.533958333333,"SKYE","","SEGC"
"877",2013-12-08,255.788333333333,"SKYE","","SEGC"
"878",2013-12-09,224.542291666667,"SKYE","","SEGC"
"879",2013-12-10,271.53625,"SKYE","","SEGC"
"880",2013-12-11,57.14875,"SKYE","","SEGC"
"881",2013-12-12,90.1379166666667,"SKYE","","SEGC"
"882",2013-12-13,237.889166666667,"SKYE","","SEGC"
"883",2013-12-14,226.57,"SKYE","","SEGC"
"884",2013-12-15,142.998125,"SKYE","","SEGC"
"885",2013-12-16,221.642916666667,"SKYE","","SEGC"
"886",2013-12-17,224.081458333333,"SKYE","","SEGC"
"887",2013-12-18,247.022083333333,"SKYE","","SEGC"
"888",2013-12-19,245.206041666667,"SKYE","","SEGC"
"889",2013-12-20,210.647291666667,"SKYE","","SEGC"
"890",2013-12-21,221.813958333333,"SKYE","","SEGC"
"891",2013-12-22,162.762291666667,"SKYE","","SEGC"
"892",2013-12-23,205.641666666667,"SKYE","","SEGC"
"893",2013-12-24,188.584375,"SKYE","","SEGC"
"894",2013-12-25,57.6989583333333,"SKYE","","SEGC"
"895",2013-12-26,167.491041666667,"SKYE","","SEGC"
"896",2013-12-27,259.850833333333,"SKYE","","SEGC"
"897",2013-12-28,216.632708333333,"SKYE","","SEGC"
"898",2013-12-29,186.842291666667,"SKYE","","SEGC"
"899",2013-12-30,215.048958333333,"SKYE","","SEGC"
"900",2013-12-31,171.835416666667,"SKYE","","SEGC"
"901",2014-01-01,193.834166666667,"SKYE","","SEGC"
"902",2014-01-02,212.981875,"SKYE","","SEGC"
"903",2014-01-03,164.855208333333,"SKYE","","SEGC"
"904",2014-01-04,178.058958333333,"SKYE","","SEGC"
"905",2014-01-05,206.175833333333,"SKYE","","SEGC"
"906",2014-01-06,213.190208333333,"SKYE","","SEGC"
"907",2014-01-07,176.778333333333,"SKYE","","SEGC"
"908",2014-01-08,193.62875,"SKYE","","SEGC"
"909",2014-01-09,184.947291666667,"SKYE","","SEGC"
"910",2014-01-10,200.610625,"SKYE","","SEGC"
"911",2014-01-11,156.151458333333,"SKYE","","SEGC"
"912",2014-01-12,122.446458333333,"SKYE","","SEGC"
"913",2014-01-13,170.6025,"SKYE","","SEGC"
"914",2014-01-14,192.908333333333,"SKYE","","SEGC"
"915",2014-01-15,230.977083333333,"SKYE","","SEGC"
"916",2014-01-16,162.741875,"SKYE","","SEGC"
"917",2014-01-17,175.782291666667,"SKYE","","SEGC"
"918",2014-01-18,194.942291666667,"SKYE","","SEGC"
"919",2014-01-19,185.114583333333,"SKYE","","SEGC"
"920",2014-01-20,199.359166666667,"SKYE","","SEGC"
"921",2014-01-21,232.238333333333,"SKYE","","SEGC"
"922",2014-01-22,217.624375,"SKYE","","SEGC"
"923",2014-01-23,215.224791666667,"SKYE","","SEGC"
"924",2014-01-24,73.150625,"SKYE","","SEGC"
"925",2014-01-25,224.779375,"SKYE","","SEGC"
"926",2014-01-26,230.617291666667,"SKYE","","SEGC"
"927",2014-01-27,221.734375,"SKYE","","SEGC"
"928",2014-01-28,150.224375,"SKYE","","SEGC"
"929",2014-01-29,259.066875,"SKYE","","SEGC"
"930",2014-01-30,293.68,"SKYE","","SEGC"
"931",2014-10-10,243.855208333333,"SKYE","","SEGC"
"932",2014-10-11,173.415208333333,"SKYE","","SEGC"
"933",2014-10-12,202.333125,"SKYE","","SEGC"
"934",2014-10-13,210.727916666667,"SKYE","","SEGC"
"935",2014-10-14,184.603125,"SKYE","","SEGC"
"936",2014-10-15,244.8725,"SKYE","","SEGC"
"937",2014-10-16,265.732083333333,"SKYE","","SEGC"
"938",2014-10-17,182.790208333333,"SKYE","","SEGC"
"939",2014-10-18,116.4175,"SKYE","","SEGC"
"940",2014-10-19,93.1166666666667,"SKYE","","SEGC"
"941",2014-10-20,214.492291666667,"SKYE","","SEGC"
"942",2014-10-21,204.047916666667,"SKYE","","SEGC"
"943",2014-10-22,216.543958333333,"SKYE","","SEGC"
"944",2014-10-23,271.256666666667,"SKYE","","SEGC"
"945",2014-10-24,187.271875,"SKYE","","SEGC"
"946",2014-10-25,124.00375,"SKYE","","SEGC"
"947",2014-10-26,205.217916666667,"SKYE","","SEGC"
"948",2014-10-27,207.548958333333,"SKYE","","SEGC"
"949",2014-10-28,220.776666666667,"SKYE","","SEGC"
"950",2014-10-29,295.797708333333,"SKYE","","SEGC"
"951",2014-10-30,199.184791666667,"SKYE","","SEGC"
"952",2014-10-31,147.040416666667,"SKYE","","SEGC"
"953",2014-11-01,202.654166666667,"SKYE","","SEGC"
"954",2014-11-02,249.34375,"SKYE","","SEGC"
"955",2014-11-03,139.577291666667,"SKYE","","SEGC"
"956",2014-11-04,275.823333333333,"SKYE","","SEGC"
"957",2014-11-05,169.627708333333,"SKYE","","SEGC"
"958",2014-11-06,165.892916666667,"SKYE","","SEGC"
"959",2014-11-07,233.234583333333,"SKYE","","SEGC"
"960",2014-11-08,257.796666666667,"SKYE","","SEGC"
"961",2014-11-09,217.708333333333,"SKYE","","SEGC"
"962",2014-11-10,163.790833333333,"SKYE","","SEGC"
"963",2014-11-11,219.255833333333,"SKYE","","SEGC"
"964",2014-11-12,103.080625,"SKYE","","SEGC"
"965",2014-11-13,226.539791666667,"SKYE","","SEGC"
"966",2014-11-14,231.645,"SKYE","","SEGC"
"967",2014-11-15,283.301666666667,"SKYE","","SEGC"
"968",2014-11-16,161.814166666667,"SKYE","","SEGC"
"969",2014-11-17,157.366216216216,"SKYE","","SEGC"
"970",2014-11-18,131.5575,"SKYE","","SEGC"
"971",2014-11-19,145.419375,"SKYE","","SEGC"
"972",2014-11-20,111.883541666667,"SKYE","","SEGC"
"973",2014-11-21,260.905625,"SKYE","","SEGC"
"974",2014-11-22,230.411041666667,"SKYE","","SEGC"
"975",2014-11-23,260.75875,"SKYE","","SEGC"
"976",2014-11-24,221.93,"SKYE","","SEGC"
"977",2014-11-25,159.791458333333,"SKYE","","SEGC"
"978",2014-11-26,254.247916666667,"SKYE","","SEGC"
"979",2014-11-27,182.955416666667,"SKYE","","SEGC"
"980",2014-11-28,176.0475,"SKYE","","SEGC"
"981",2014-11-29,183.409583333333,"SKYE","","SEGC"
"982",2014-11-30,244.373333333333,"SKYE","","SEGC"
"983",2014-12-01,152.5925,"SKYE","","SEGC"
"984",2014-12-02,120.824166666667,"SKYE","","SEGC"
"985",2014-12-03,221.830416666667,"SKYE","","SEGC"
"986",2014-12-04,102.953333333333,"SKYE","","SEGC"
"987",2014-12-05,195.434166666667,"SKYE","","SEGC"
"988",2014-12-06,186.720208333333,"SKYE","","SEGC"
"989",2014-12-07,119.693125,"SKYE","","SEGC"
"990",2014-12-08,134.73,"SKYE","","SEGC"
"991",2014-12-09,170.199583333333,"SKYE","","SEGC"
"992",2014-12-10,153.758125,"SKYE","","SEGC"
"993",2014-12-11,69.01,"SKYE","","SEGC"
"994",2014-12-12,182.28125,"SKYE","","SEGC"
"995",2014-12-13,204.905625,"SKYE","","SEGC"
"996",2014-12-14,65.904375,"SKYE","","SEGC"
"997",2014-12-15,99.4629166666667,"SKYE","","SEGC"
"998",2014-12-16,172.614791666667,"SKYE","","SEGC"
"999",2014-12-17,195.810625,"SKYE","","SEGC"
"1000",2014-12-18,225.622708333333,"SKYE","","SEGC"
"1001",2014-12-19,132.166875,"SKYE","","SEGC"
"1002",2014-12-20,58.6435416666667,"SKYE","","SEGC"
"1003",2014-12-21,114.824166666667,"SKYE","","SEGC"
"1004",2014-12-22,140.238541666667,"SKYE","","SEGC"
"1005",2014-12-23,169.400416666667,"SKYE","","SEGC"
"1006",2014-12-24,135.487083333333,"SKYE","","SEGC"
"1007",2014-12-25,187.86375,"SKYE","","SEGC"
"1008",2014-12-26,190.61375,"SKYE","","SEGC"
"1009",2014-12-27,169.817708333333,"SKYE","","SEGC"
"1010",2014-12-28,169.04875,"SKYE","","SEGC"
"1011",2014-12-29,80.8441666666667,"SKYE","","SEGC"
"1012",2014-12-30,180.1625,"SKYE","","SEGC"
"1013",2014-12-31,205.144166666667,"SKYE","","SEGC"
"1014",2015-01-01,176.783541666667,"SKYE","","SEGC"
"1015",2015-01-02,157.983958333333,"SKYE","","SEGC"
"1016",2015-01-03,128.390416666667,"SKYE","","SEGC"
"1017",2015-01-04,177.573541666667,"SKYE","","SEGC"
"1018",2015-01-05,228.974791666667,"SKYE","","SEGC"
"1019",2015-01-06,206.464166666667,"SKYE","","SEGC"
"1020",2015-01-07,189.300625,"SKYE","","SEGC"
"1021",2015-01-08,195.371458333333,"SKYE","","SEGC"
"1022",2015-01-09,186.276458333333,"SKYE","","SEGC"
"1023",2015-01-10,180.396666666667,"SKYE","","SEGC"
"1024",2015-01-11,200.636041666667,"SKYE","","SEGC"
"1025",2015-01-12,221.660416666667,"SKYE","","SEGC"
"1026",2015-01-13,215.966041666667,"SKYE","","SEGC"
"1027",2015-01-14,198.735416666667,"SKYE","","SEGC"
"1028",2015-01-15,195.280416666667,"SKYE","","SEGC"
"1029",2015-01-16,220.532083333333,"SKYE","","SEGC"
"1030",2015-01-17,192.394583333333,"SKYE","","SEGC"
"1031",2015-01-18,218.534791666667,"SKYE","","SEGC"
"1032",2015-01-19,235.660416666667,"SKYE","","SEGC"
"1033",2015-01-20,255.349791666667,"SKYE","","SEGC"
"1034",2015-01-21,127.389166666667,"SKYE","","SEGC"
"1035",2015-01-22,202.060416666667,"SKYE","","SEGC"
"1036",2015-01-23,184.760208333333,"SKYE","","SEGC"
"1037",2015-01-24,209.6925,"SKYE","","SEGC"
"1038",2015-01-25,141.138958333333,"SKYE","","SEGC"
"1039",2015-01-26,228.682916666667,"SKYE","","SEGC"
"1040",2015-01-27,117.311875,"SKYE","","SEGC"
"1041",2015-01-28,118.5575,"SKYE","","SEGC"
"1042",2015-01-29,238.520208333333,"SKYE","","SEGC"
"1043",2015-01-30,226.490416666667,"SKYE","","SEGC"
"1044",2015-01-31,237.742083333333,"SKYE","","SEGC"
"1045",2015-02-01,201.023541666667,"SKYE","","SEGC"
"1046",2015-02-02,113.944583333333,"SKYE","","SEGC"
"1047",2015-02-03,175.550416666667,"SKYE","","SEGC"
"1048",2015-02-04,224.298541666667,"SKYE","","SEGC"
"1049",2015-02-05,180.020625,"SKYE","","SEGC"
"1050",2015-02-06,186.635434782609,"SKYE","","SEGC"
"1051",2015-02-26,99.1868421052632,"SKYE","","SEGC"
"1052",2015-02-27,68.8825,"SKYE","","SEGC"
"1053",2015-02-28,176.995208333333,"SKYE","","SEGC"
"1054",2015-03-01,251.610416666667,"SKYE","","SEGC"
"1055",2015-03-02,195.154166666667,"SKYE","","SEGC"
"1056",2015-03-03,165.099375,"SKYE","","SEGC"
"1057",2015-03-04,208.349375,"SKYE","","SEGC"
"1058",2015-03-05,238.250208333333,"SKYE","","SEGC"
"1059",2015-03-06,162.450208333333,"SKYE","","SEGC"
"1060",2015-03-07,242.186666666667,"SKYE","","SEGC"
"1061",2015-03-08,247.600416666667,"SKYE","","SEGC"
"1062",2015-03-09,217.724791666667,"SKYE","","SEGC"
"1063",2015-03-10,164.67375,"SKYE","","SEGC"
"1064",2015-03-11,263.944791666667,"SKYE","","SEGC"
"1065",2015-03-12,287.44,"SKYE","","SEGC"
"1066",2015-03-13,220.63375,"SKYE","","SEGC"
"1067",2015-03-14,284.583958333333,"SKYE","","SEGC"
"1068",2015-03-15,200.31375,"SKYE","","SEGC"
"1069",2015-03-16,91.45875,"SKYE","","SEGC"
"1070",2015-03-17,222.354375,"SKYE","","SEGC"
"1071",2015-03-18,219.828333333333,"SKYE","","SEGC"
"1072",2015-03-19,196.944166666667,"SKYE","","SEGC"
"1073",2015-03-20,248.400416666667,"SKYE","","SEGC"
"1074",2015-03-21,256.158958333333,"SKYE","","SEGC"
"1075",2015-03-22,185.677916666667,"SKYE","","SEGC"
"1076",2015-03-23,246.207291666667,"SKYE","","SEGC"
"1077",2015-03-24,235.608125,"SKYE","","SEGC"
"1078",2015-03-25,283.562291666667,"SKYE","","SEGC"
"1079",2015-03-26,207.845,"SKYE","","SEGC"
"1080",2015-03-27,77.3605263157895,"SKYE","","SEGC"
"1081",2015-03-28,215.133125,"SKYE","","SEGC"
"1082",2015-03-29,252.24,"SKYE","","SEGC"
"1083",2015-03-30,195.762291666667,"SKYE","","SEGC"
"1084",2015-03-31,236.094583333333,"SKYE","","SEGC"
"1085",2015-04-01,214.386041666667,"SKYE","","SEGC"
"1086",2015-04-02,158.877708333333,"SKYE","","SEGC"
"1087",2015-04-03,118.615,"SKYE","","SEGC"
"1088",2015-04-04,213.210625,"SKYE","","SEGC"
"1089",2015-04-05,229.93875,"SKYE","","SEGC"
"1090",2015-04-06,259.824583333333,"SKYE","","SEGC"
"1091",2015-04-07,162.888125,"SKYE","","SEGC"
"1092",2015-04-08,215.43,"SKYE","","SEGC"
"1093",2015-04-09,213.740625,"SKYE","","SEGC"
"1094",2015-04-10,244.983333333333,"SKYE","","SEGC"
"1095",2015-04-11,150.297916666667,"SKYE","","SEGC"
"1096",2015-04-12,198.760416666667,"SKYE","","SEGC"
"1097",2015-04-13,166.49125,"SKYE","","SEGC"
"1098",2015-04-14,187.510208333333,"SKYE","","SEGC"
"1099",2015-04-15,127.42,"SKYE","","SEGC"
"1100",2015-04-16,212.803333333333,"SKYE","","SEGC"
"1101",2015-04-17,202.981666666667,"SKYE","","SEGC"
"1102",2015-04-18,239.563958333333,"SKYE","","SEGC"
"1103",2015-04-19,214.2175,"SKYE","","SEGC"
"1104",2015-04-20,269.953541666667,"SKYE","","SEGC"
"1105",2015-04-21,263.951666666667,"SKYE","","SEGC"
"1106",2015-04-22,266.261458333333,"SKYE","","SEGC"
"1107",2015-04-23,214.006041666667,"SKYE","","SEGC"
"1108",2015-04-24,104.084375,"SKYE","","SEGC"
"1109",2015-04-25,244.21875,"SKYE","","SEGC"
"1110",2015-04-26,138.632083333333,"SKYE","","SEGC"
"1111",2015-04-27,47.3794444444444,"SKYE","","SEGC"
"1112",2015-06-29,2.81909090909091,"SKYE","","SEGC"
"1113",2015-06-30,51.6960416666667,"SKYE","","SEGC"
"1114",2015-07-01,159.81375,"SKYE","","SEGC"
"1115",2015-07-02,87.3141666666667,"SKYE","","SEGC"
"1116",2015-07-03,120.898541666667,"SKYE","","SEGC"
"1117",2015-07-04,157.798333333333,"SKYE","","SEGC"
"1118",2015-07-05,144.72,"SKYE","","SEGC"
"1119",2015-07-06,138.580833333333,"SKYE","","SEGC"
"1120",2015-07-07,126.969375,"SKYE","","SEGC"
"1121",2015-07-08,154.242916666667,"SKYE","","SEGC"
"1122",2015-07-09,177.787916666667,"SKYE","","SEGC"
"1123",2015-07-10,95.3070833333333,"SKYE","","SEGC"
"1124",2015-07-11,78.0225,"SKYE","","SEGC"
"1125",2015-07-12,86.2814583333333,"SKYE","","SEGC"
"1126",2015-07-13,101.5325,"SKYE","","SEGC"
"1127",2015-07-14,104.41875,"SKYE","","SEGC"
"1128",2015-07-15,102.405416666667,"SKYE","","SEGC"
"1129",2015-07-16,180.994375,"SKYE","","SEGC"
"1130",2015-07-17,114.770416666667,"SKYE","","SEGC"
"1131",2015-07-18,120.945,"SKYE","","SEGC"
"1132",2015-07-19,120.886666666667,"SKYE","","SEGC"
"1133",2015-07-20,116.596041666667,"SKYE","","SEGC"
"1134",2015-07-21,135.235833333333,"SKYE","","SEGC"
"1135",2015-07-22,151.891458333333,"SKYE","","SEGC"
"1136",2015-07-23,169.890833333333,"SKYE","","SEGC"
"1137",2015-07-24,159.555,"SKYE","","SEGC"
"1138",2015-07-25,151.874166666667,"SKYE","","SEGC"
"1139",2015-07-26,99.4654166666667,"SKYE","","SEGC"
"1140",2015-07-27,93.54875,"SKYE","","SEGC"
"1141",2015-07-28,188.461666666667,"SKYE","","SEGC"
"1142",2015-07-29,159.714042553191,"SKYE","","SEGC"
"1143",2015-07-30,137.872916666667,"SKYE","","SEGC"
"1144",2015-07-31,165.051458333333,"SKYE","","SEGC"
"1145",2015-08-01,129.07,"SKYE","","SEGC"
"1146",2015-08-02,203.06625,"SKYE","","SEGC"
"1147",2015-08-03,141.63,"SKYE","","SEGC"
"1148",2015-08-04,90.2695833333333,"SKYE","","SEGC"
"1149",2015-08-05,117.549583333333,"SKYE","","SEGC"
"1150",2015-08-06,190.765625,"SKYE","","SEGC"
"1151",2015-08-07,136.819791666667,"SKYE","","SEGC"
"1152",2015-08-08,85.1729166666667,"SKYE","","SEGC"
"1153",2015-08-09,122.900416666667,"SKYE","","SEGC"
"1154",2015-08-10,96.5254166666667,"SKYE","","SEGC"
"1155",2015-08-11,71.8877083333333,"SKYE","","SEGC"
"1156",2015-08-12,95.20625,"SKYE","","SEGC"
"1157",2015-08-13,127.465416666667,"SKYE","","SEGC"
"1158",2015-08-14,140.623958333333,"SKYE","","SEGC"
"1159",2015-08-15,116.80375,"SKYE","","SEGC"
"1160",2015-08-16,81.9479166666667,"SKYE","","SEGC"
"1161",2015-08-17,71.5920833333333,"SKYE","","SEGC"
"1162",2015-08-18,104.519166666667,"SKYE","","SEGC"
"1163",2015-08-19,118.026666666667,"SKYE","","SEGC"
"1164",2015-08-20,134.739166666667,"SKYE","","SEGC"
"1165",2015-08-21,141.779459459459,"SKYE","","SEGC"
"1166",2015-08-22,100.0475,"SKYE","","SEGC"
"1167",2015-08-23,122.750833333333,"SKYE","","SEGC"
"1168",2015-08-24,135.157708333333,"SKYE","","SEGC"
"1169",2015-08-25,140.539791666667,"SKYE","","SEGC"
"1170",2015-08-26,156.689166666667,"SKYE","","SEGC"
"1171",2015-08-27,113.098958333333,"SKYE","","SEGC"
"1172",2015-08-28,130.208958333333,"SKYE","","SEGC"
"1173",2015-08-29,140.066458333333,"SKYE","","SEGC"
"1174",2015-08-30,142.296458333333,"SKYE","","SEGC"
"1175",2015-08-31,163.320833333333,"SKYE","","SEGC"
"1176",2015-09-01,200.484583333333,"SKYE","","SEGC"
"1177",2015-09-02,123.226666666667,"SKYE","","SEGC"
"1178",2015-09-03,176.055416666667,"SKYE","","SEGC"
"1179",2015-09-04,119.571666666667,"SKYE","","SEGC"
"1180",2015-09-05,180.45125,"SKYE","","SEGC"
"1181",2015-09-06,65.3885416666667,"SKYE","","SEGC"
"1182",2015-09-07,112.817708333333,"SKYE","","SEGC"
"1183",2015-09-08,170.334166666667,"SKYE","","SEGC"
"1184",2015-09-09,174.704375,"SKYE","","SEGC"
"1185",2015-09-10,179.77875,"SKYE","","SEGC"
"1186",2015-09-11,164.310833333333,"SKYE","","SEGC"
"1187",2015-09-12,175.86375,"SKYE","","SEGC"
"1188",2015-09-13,179.143125,"SKYE","","SEGC"
"1189",2015-09-14,157.027291666667,"SKYE","","SEGC"
"1190",2015-09-15,122.61125,"SKYE","","SEGC"
"1191",2015-09-16,129.582916666667,"SKYE","","SEGC"
"1192",2015-09-17,137.252291666667,"SKYE","","SEGC"
"1193",2015-09-18,197.993958333333,"SKYE","","SEGC"
"1194",2015-09-19,154.887083333333,"SKYE","","SEGC"
"1195",2015-09-20,102.855,"SKYE","","SEGC"
"1196",2015-09-21,215.481041666667,"SKYE","","SEGC"
"1197",2015-09-22,245.67875,"SKYE","","SEGC"
"1198",2015-09-23,175.37625,"SKYE","","SEGC"
"1199",2015-09-24,216.64,"SKYE","","SEGC"
"1200",2015-09-25,173.288958333333,"SKYE","","SEGC"
"1201",2015-09-26,214.690833333333,"SKYE","","SEGC"
"1202",2015-09-27,256.484375,"SKYE","","SEGC"
"1203",2015-09-28,212.3325,"SKYE","","SEGC"
"1204",2015-09-29,145.834375,"SKYE","","SEGC"
"1205",2015-09-30,127.702702702703,"SKYE","","SEGC"
"1206",2015-10-01,219.473958333333,"SKYE","","SEGC"
"1207",2015-10-02,220.988333333333,"SKYE","","SEGC"
"1208",2015-10-03,193.672083333333,"SKYE","","SEGC"
"1209",2015-10-04,160.617708333333,"SKYE","","SEGC"
"1210",2015-10-05,191.117916666667,"SKYE","","SEGC"
"1211",2015-10-06,181.934166666667,"SKYE","","SEGC"
"1212",2015-10-07,241.594791666667,"SKYE","","SEGC"
"1213",2015-10-08,144.024166666667,"SKYE","","SEGC"
"1214",2015-10-09,133.963958333333,"SKYE","","SEGC"
"1215",2015-10-10,239.915833333333,"SKYE","","SEGC"
"1216",2015-10-11,235.667291666667,"SKYE","","SEGC"
"1217",2015-10-12,209.890833333333,"SKYE","","SEGC"
"1218",2015-10-13,198.91,"SKYE","","SEGC"
"1219",2015-10-14,153.456458333333,"SKYE","","SEGC"
"1220",2015-10-15,240.274583333333,"SKYE","","SEGC"
"1221",2015-10-16,173.580625,"SKYE","","SEGC"
"1222",2015-10-17,253.137916666667,"SKYE","","SEGC"
"1223",2015-10-18,172.976666666667,"SKYE","","SEGC"
"1224",2015-10-19,258.889583333333,"SKYE","","SEGC"
"1225",2015-10-20,199.831875,"SKYE","","SEGC"
"1226",2015-10-21,252.982083333333,"SKYE","","SEGC"
"1227",2015-10-22,221.359583333333,"SKYE","","SEGC"
"1228",2015-10-23,267.301458333333,"SKYE","","SEGC"
"1229",2015-10-24,255.245208333333,"SKYE","","SEGC"
"1230",2015-10-25,66.8189583333333,"SKYE","","SEGC"
"1231",2015-10-26,297.627708333333,"SKYE","","SEGC"
"1232",2015-10-27,129.990208333333,"SKYE","","SEGC"
"1233",2015-10-28,194.095,"SKYE","","SEGC"
"1234",2015-10-29,281.062916666667,"SKYE","","SEGC"
"1235",2015-10-30,240.837407407407,"SKYE","","SEGC"
