"","Date","Wind_speed","Method","Comments","Site"
"1",2012-01-28,0.96,"VantagePro","","SEGC"
"2",2012-01-29,0.960416666666667,"VantagePro","","SEGC"
"3",2012-01-30,1.19791666666667,"VantagePro","","SEGC"
"4",2012-01-31,1.3625,"VantagePro","","SEGC"
"5",2012-02-01,0.59375,"VantagePro","","SEGC"
"6",2012-02-02,0.566666666666667,"VantagePro","","SEGC"
"7",2012-02-03,0.48125,"VantagePro","","SEGC"
"8",2012-02-04,0.745833333333333,"VantagePro","","SEGC"
"9",2012-02-05,1.04375,"VantagePro","","SEGC"
"10",2012-02-06,0.845833333333333,"VantagePro","","SEGC"
"11",2012-02-07,1.24166666666667,"VantagePro","","SEGC"
"12",2012-02-08,0.879166666666667,"VantagePro","","SEGC"
"13",2012-02-09,0.979166666666667,"VantagePro","","SEGC"
"14",2012-02-10,1.12916666666667,"VantagePro","","SEGC"
"15",2012-02-11,0.864583333333333,"VantagePro","","SEGC"
"16",2012-02-12,0.610416666666667,"VantagePro","","SEGC"
"17",2012-02-13,0.9,"VantagePro","","SEGC"
"18",2012-02-14,0.322916666666667,"VantagePro","","SEGC"
"19",2012-02-15,0.6625,"VantagePro","","SEGC"
"20",2012-02-16,1.08333333333333,"VantagePro","","SEGC"
"21",2012-02-17,0.458333333333333,"VantagePro","","SEGC"
"22",2012-02-18,1.10833333333333,"VantagePro","","SEGC"
"23",2012-02-19,0.966666666666667,"VantagePro","","SEGC"
"24",2012-02-20,0.572916666666667,"VantagePro","","SEGC"
"25",2012-02-21,1.14583333333333,"VantagePro","","SEGC"
"26",2012-02-22,0.877083333333333,"VantagePro","","SEGC"
"27",2012-02-23,0.791666666666667,"VantagePro","","SEGC"
"28",2012-02-24,1.01458333333333,"VantagePro","","SEGC"
"29",2012-02-25,0.983333333333333,"VantagePro","","SEGC"
"30",2012-02-26,0.55,"VantagePro","","SEGC"
"31",2012-02-27,0.90625,"VantagePro","","SEGC"
"32",2012-02-28,0.585416666666667,"VantagePro","","SEGC"
"33",2012-02-29,0.666666666666667,"VantagePro","","SEGC"
"34",2012-03-01,1.1625,"VantagePro","","SEGC"
"35",2012-03-02,1.13333333333333,"VantagePro","","SEGC"
"36",2012-03-03,0.725,"VantagePro","","SEGC"
"37",2012-03-04,0.585416666666667,"VantagePro","","SEGC"
"38",2012-03-05,0.51875,"VantagePro","","SEGC"
"39",2012-03-06,1.25,"VantagePro","","SEGC"
"40",2012-03-07,0.789583333333333,"VantagePro","","SEGC"
"41",2012-03-08,1.09791666666667,"VantagePro","","SEGC"
"42",2012-03-09,0.827083333333333,"VantagePro","","SEGC"
"43",2012-03-10,0.7375,"VantagePro","","SEGC"
"44",2012-03-11,0.664583333333333,"VantagePro","","SEGC"
"45",2012-03-12,1.01458333333333,"VantagePro","","SEGC"
"46",2012-03-13,1.14375,"VantagePro","","SEGC"
"47",2012-03-14,0.679166666666667,"VantagePro","","SEGC"
"48",2012-03-15,1.00833333333333,"VantagePro","","SEGC"
"49",2012-03-16,0.847916666666667,"VantagePro","","SEGC"
"50",2012-03-17,0.602083333333333,"VantagePro","","SEGC"
"51",2012-03-18,1.08125,"VantagePro","","SEGC"
"52",2012-03-19,0.439583333333333,"VantagePro","","SEGC"
"53",2012-03-20,1.25416666666667,"VantagePro","","SEGC"
"54",2012-03-21,0.620833333333333,"VantagePro","","SEGC"
"55",2012-03-22,0.81875,"VantagePro","","SEGC"
"56",2012-03-23,0.91875,"VantagePro","","SEGC"
"57",2012-03-24,0.6875,"VantagePro","","SEGC"
"58",2012-03-25,0.95625,"VantagePro","","SEGC"
"59",2012-03-26,0.677083333333333,"VantagePro","","SEGC"
"60",2012-03-27,0.454166666666667,"VantagePro","","SEGC"
"61",2012-03-28,0.802083333333333,"VantagePro","","SEGC"
"62",2012-03-29,1.00208333333333,"VantagePro","","SEGC"
"63",2012-03-30,0.791666666666667,"VantagePro","","SEGC"
"64",2012-03-31,0.629166666666667,"VantagePro","","SEGC"
"65",2012-04-01,0.795833333333333,"VantagePro","","SEGC"
"66",2012-04-02,0.66875,"VantagePro","","SEGC"
"67",2012-04-03,0.94375,"VantagePro","","SEGC"
"68",2012-04-04,0.7625,"VantagePro","","SEGC"
"69",2012-04-05,1.17083333333333,"VantagePro","","SEGC"
"70",2012-04-06,0.625,"VantagePro","","SEGC"
"71",2012-04-07,0.595833333333333,"VantagePro","","SEGC"
"72",2012-04-08,0.472916666666667,"VantagePro","","SEGC"
"73",2012-04-09,0.991666666666667,"VantagePro","","SEGC"
"74",2012-04-10,0.566666666666667,"VantagePro","","SEGC"
"75",2012-04-11,1.09583333333333,"VantagePro","","SEGC"
"76",2012-04-12,0.747916666666667,"VantagePro","","SEGC"
"77",2012-04-13,0.9,"VantagePro","","SEGC"
"78",2012-04-14,0.752083333333333,"VantagePro","","SEGC"
"79",2012-04-15,0.766666666666667,"VantagePro","","SEGC"
"80",2012-04-16,0.620833333333333,"VantagePro","","SEGC"
"81",2012-04-17,0.472916666666667,"VantagePro","","SEGC"
"82",2012-04-18,0.875,"VantagePro","","SEGC"
"83",2012-04-19,0.897916666666667,"VantagePro","","SEGC"
"84",2012-04-20,0.439583333333333,"VantagePro","","SEGC"
"85",2012-04-21,1.0125,"VantagePro","","SEGC"
"86",2012-04-22,0.614583333333333,"VantagePro","","SEGC"
"87",2012-04-23,0.647916666666667,"VantagePro","","SEGC"
"88",2012-04-24,0.535416666666667,"VantagePro","","SEGC"
"89",2012-04-25,0.83125,"VantagePro","","SEGC"
"90",2012-04-26,0.722916666666667,"VantagePro","","SEGC"
"91",2012-04-27,0.391666666666667,"VantagePro","","SEGC"
"92",2012-04-28,0.470833333333333,"VantagePro","","SEGC"
"93",2012-04-29,0.5375,"VantagePro","","SEGC"
"94",2012-04-30,1.10416666666667,"VantagePro","","SEGC"
"95",2012-05-01,1.33541666666667,"VantagePro","","SEGC"
"96",2012-05-02,0.7625,"VantagePro","","SEGC"
"97",2012-05-03,0.9875,"VantagePro","","SEGC"
"98",2012-05-04,0.616666666666667,"VantagePro","","SEGC"
"99",2012-05-05,0.952083333333333,"VantagePro","","SEGC"
"100",2012-05-06,0.708333333333333,"VantagePro","","SEGC"
"101",2012-05-07,0.329166666666667,"VantagePro","","SEGC"
"102",2012-05-08,0.81875,"VantagePro","","SEGC"
"103",2012-05-09,0.945833333333333,"VantagePro","","SEGC"
"104",2012-05-10,0.7625,"VantagePro","","SEGC"
"105",2012-05-11,0.495833333333333,"VantagePro","","SEGC"
"106",2012-05-12,0.820833333333333,"VantagePro","","SEGC"
"107",2012-05-13,1.28541666666667,"VantagePro","","SEGC"
"108",2012-05-14,0.858333333333333,"VantagePro","","SEGC"
"109",2012-05-15,0.46875,"VantagePro","","SEGC"
"110",2012-05-16,0.975,"VantagePro","","SEGC"
"111",2012-05-17,0.389583333333333,"VantagePro","","SEGC"
"112",2012-05-18,0.558333333333333,"VantagePro","","SEGC"
"113",2012-05-19,0.858333333333333,"VantagePro","","SEGC"
"114",2012-05-20,0.589583333333333,"VantagePro","","SEGC"
"115",2012-05-21,0.925,"VantagePro","","SEGC"
"116",2012-05-22,0.36875,"VantagePro","","SEGC"
"117",2012-05-23,0.714583333333333,"VantagePro","","SEGC"
"118",2012-05-24,0.722916666666667,"VantagePro","","SEGC"
"119",2012-05-25,0.31875,"VantagePro","","SEGC"
"120",2012-05-26,0.922916666666667,"VantagePro","","SEGC"
"121",2012-05-27,0.6375,"VantagePro","","SEGC"
"122",2012-05-28,0.414583333333333,"VantagePro","","SEGC"
"123",2012-05-29,0.560416666666667,"VantagePro","","SEGC"
"124",2012-05-30,0.404166666666667,"VantagePro","","SEGC"
"125",2012-05-31,0.8,"VantagePro","","SEGC"
"126",2012-06-01,0.470833333333333,"VantagePro","","SEGC"
"127",2012-06-02,0.39375,"VantagePro","","SEGC"
"128",2012-06-03,0.558333333333333,"VantagePro","","SEGC"
"129",2012-06-04,0.66875,"VantagePro","","SEGC"
"130",2012-06-05,0.925,"VantagePro","","SEGC"
"131",2012-06-06,0.864583333333333,"VantagePro","","SEGC"
"132",2012-06-07,0.547916666666667,"VantagePro","","SEGC"
"133",2012-06-08,1.41041666666667,"VantagePro","","SEGC"
"134",2012-06-09,0.979166666666667,"VantagePro","","SEGC"
"135",2012-06-10,0.672916666666667,"VantagePro","","SEGC"
"136",2012-06-11,1.00416666666667,"VantagePro","","SEGC"
"137",2012-06-12,1.17708333333333,"VantagePro","","SEGC"
"138",2012-06-13,1.29791666666667,"VantagePro","","SEGC"
"139",2012-06-14,0.9,"VantagePro","","SEGC"
"140",2012-06-15,0.877083333333333,"VantagePro","","SEGC"
"141",2012-06-16,1.25833333333333,"VantagePro","","SEGC"
"142",2012-06-17,0.825,"VantagePro","","SEGC"
"143",2012-06-18,0.716666666666667,"VantagePro","","SEGC"
"144",2012-06-19,0.445833333333333,"VantagePro","","SEGC"
"145",2012-06-20,0.575,"VantagePro","","SEGC"
"146",2012-06-21,0.685416666666667,"VantagePro","","SEGC"
"147",2012-06-22,1.1125,"VantagePro","","SEGC"
"148",2012-06-23,0.760416666666667,"VantagePro","","SEGC"
"149",2012-06-24,1.5625,"VantagePro","","SEGC"
"150",2012-06-25,1.15833333333333,"VantagePro","","SEGC"
"151",2012-06-26,1.63125,"VantagePro","","SEGC"
"152",2012-06-27,0.591666666666667,"VantagePro","","SEGC"
"153",2012-06-28,1.5125,"VantagePro","","SEGC"
"154",2012-06-29,0.610416666666667,"VantagePro","","SEGC"
"155",2012-06-30,0.939583333333333,"VantagePro","","SEGC"
"156",2012-07-01,0.710416666666667,"VantagePro","","SEGC"
"157",2012-07-02,0.93125,"VantagePro","","SEGC"
"158",2012-07-03,1.17708333333333,"VantagePro","","SEGC"
"159",2012-07-04,0.802083333333333,"VantagePro","","SEGC"
"160",2012-07-05,0.689583333333333,"VantagePro","","SEGC"
"161",2012-07-06,1.41875,"VantagePro","","SEGC"
"162",2012-07-07,0.916666666666667,"VantagePro","","SEGC"
"163",2012-07-08,0.914583333333333,"VantagePro","","SEGC"
"164",2012-07-09,0.997916666666667,"VantagePro","","SEGC"
"165",2012-07-10,1.67291666666667,"VantagePro","","SEGC"
"166",2012-07-11,1.36458333333333,"VantagePro","","SEGC"
"167",2012-07-12,0.96875,"VantagePro","","SEGC"
"168",2012-07-13,1.09166666666667,"VantagePro","","SEGC"
"169",2012-07-14,1.25416666666667,"VantagePro","","SEGC"
"170",2012-07-15,1.01875,"VantagePro","","SEGC"
"171",2012-07-16,1.18333333333333,"VantagePro","","SEGC"
"172",2012-07-17,1.12291666666667,"VantagePro","","SEGC"
"173",2012-07-18,0.922916666666667,"VantagePro","","SEGC"
"174",2012-07-19,0.8125,"VantagePro","","SEGC"
"175",2012-07-20,1.1875,"VantagePro","","SEGC"
"176",2012-07-21,1.40833333333333,"VantagePro","","SEGC"
"177",2012-07-22,1.12916666666667,"VantagePro","","SEGC"
"178",2012-07-23,0.972916666666667,"VantagePro","","SEGC"
"179",2012-07-24,1.36041666666667,"VantagePro","","SEGC"
"180",2012-07-25,1.34375,"VantagePro","","SEGC"
"181",2012-07-26,1.57291666666667,"VantagePro","","SEGC"
"182",2012-07-27,1.81875,"VantagePro","","SEGC"
"183",2012-07-28,0.933333333333333,"VantagePro","","SEGC"
"184",2012-07-29,1.89583333333333,"VantagePro","","SEGC"
"185",2012-07-30,1.575,"VantagePro","","SEGC"
"186",2012-07-31,1.9,"VantagePro","","SEGC"
"187",2012-08-01,1.50625,"VantagePro","","SEGC"
"188",2012-08-02,1.35208333333333,"VantagePro","","SEGC"
"189",2012-08-03,1.18125,"VantagePro","","SEGC"
"190",2012-08-04,0.99375,"VantagePro","","SEGC"
"191",2012-08-05,1.53958333333333,"VantagePro","","SEGC"
"192",2012-08-06,1.19583333333333,"VantagePro","","SEGC"
"193",2012-08-07,1.03541666666667,"VantagePro","","SEGC"
"194",2012-08-08,0.902083333333333,"VantagePro","","SEGC"
"195",2012-08-09,1.74791666666667,"VantagePro","","SEGC"
"196",2012-08-10,1.53125,"VantagePro","","SEGC"
"197",2012-08-11,1.46458333333333,"VantagePro","","SEGC"
"198",2012-08-12,1.54791666666667,"VantagePro","","SEGC"
"199",2012-08-13,1.09166666666667,"VantagePro","","SEGC"
"200",2012-08-14,1.12083333333333,"VantagePro","","SEGC"
"201",2012-08-15,1.48541666666667,"VantagePro","","SEGC"
"202",2012-08-16,1.5375,"VantagePro","","SEGC"
"203",2012-08-17,1.47916666666667,"VantagePro","","SEGC"
"204",2012-08-18,1.33125,"VantagePro","","SEGC"
"205",2012-08-19,1.12291666666667,"VantagePro","","SEGC"
"206",2012-08-20,1.46875,"VantagePro","","SEGC"
"207",2012-08-21,1.29166666666667,"VantagePro","","SEGC"
"208",2012-08-22,1.80416666666667,"VantagePro","","SEGC"
"209",2012-08-23,1.24583333333333,"VantagePro","","SEGC"
"210",2012-08-24,0.779166666666667,"VantagePro","","SEGC"
"211",2012-08-25,1.59166666666667,"VantagePro","","SEGC"
"212",2012-08-26,0.839583333333333,"VantagePro","","SEGC"
"213",2012-08-27,1.7125,"VantagePro","","SEGC"
"214",2012-08-28,1.63541666666667,"VantagePro","","SEGC"
"215",2012-08-29,1.18958333333333,"VantagePro","","SEGC"
"216",2012-08-30,1.64583333333333,"VantagePro","","SEGC"
"217",2012-08-31,1.84375,"VantagePro","","SEGC"
"218",2012-09-01,1.5125,"VantagePro","","SEGC"
"219",2012-09-02,1.34375,"VantagePro","","SEGC"
"220",2012-09-03,1.57708333333333,"VantagePro","","SEGC"
"221",2012-09-04,1.33333333333333,"VantagePro","","SEGC"
"222",2012-09-05,1.08125,"VantagePro","","SEGC"
"223",2012-09-06,1.26458333333333,"VantagePro","","SEGC"
"224",2012-09-07,0.716666666666667,"VantagePro","","SEGC"
"225",2012-09-08,1.46458333333333,"VantagePro","","SEGC"
"226",2012-09-09,1.05,"VantagePro","","SEGC"
"227",2012-09-10,1.2125,"VantagePro","","SEGC"
"228",2012-09-11,1.52291666666667,"VantagePro","","SEGC"
"229",2012-09-12,1.375,"VantagePro","","SEGC"
"230",2012-09-13,1.38333333333333,"VantagePro","","SEGC"
"231",2012-09-14,1.36458333333333,"VantagePro","","SEGC"
"232",2012-09-15,1.56458333333333,"VantagePro","","SEGC"
"233",2012-09-16,0.725,"VantagePro","","SEGC"
"234",2012-09-17,0.85625,"VantagePro","","SEGC"
"235",2012-09-18,1.19166666666667,"VantagePro","","SEGC"
"236",2012-09-19,1.03125,"VantagePro","","SEGC"
"237",2012-09-20,1.18125,"VantagePro","","SEGC"
"238",2012-09-21,1.2,"VantagePro","","SEGC"
"239",2012-09-22,1.1125,"VantagePro","","SEGC"
"240",2012-09-23,1.32916666666667,"VantagePro","","SEGC"
"241",2012-09-24,0.970833333333333,"VantagePro","","SEGC"
"242",2012-09-25,0.885416666666667,"VantagePro","","SEGC"
"243",2012-09-26,0.777083333333333,"VantagePro","","SEGC"
"244",2012-09-27,1.34791666666667,"VantagePro","","SEGC"
"245",2012-09-28,1.24791666666667,"VantagePro","","SEGC"
"246",2012-09-29,1.44791666666667,"VantagePro","","SEGC"
"247",2012-09-30,0.802083333333333,"VantagePro","","SEGC"
"248",2012-10-01,0.966666666666667,"VantagePro","","SEGC"
"249",2012-10-02,1.11666666666667,"VantagePro","","SEGC"
"250",2012-10-03,1.65833333333333,"VantagePro","","SEGC"
"251",2012-10-04,1.00208333333333,"VantagePro","","SEGC"
"252",2012-10-05,1.19375,"VantagePro","","SEGC"
"253",2012-10-06,1.55833333333333,"VantagePro","","SEGC"
"254",2012-10-07,1.01458333333333,"VantagePro","","SEGC"
"255",2012-10-08,0.497916666666667,"VantagePro","","SEGC"
"256",2012-10-09,1.1625,"VantagePro","","SEGC"
"257",2012-10-10,1.23125,"VantagePro","","SEGC"
"258",2012-10-11,1.26666666666667,"VantagePro","","SEGC"
"259",2012-10-12,1.06666666666667,"VantagePro","","SEGC"
"260",2012-10-13,1.0875,"VantagePro","","SEGC"
"261",2012-10-14,1.00833333333333,"VantagePro","","SEGC"
"262",2012-10-15,1.09166666666667,"VantagePro","","SEGC"
"263",2012-10-16,0.78125,"VantagePro","","SEGC"
"264",2012-10-17,1.17291666666667,"VantagePro","","SEGC"
"265",2012-10-18,1.77291666666667,"VantagePro","","SEGC"
"266",2012-10-19,0.833333333333333,"VantagePro","","SEGC"
"267",2012-10-20,0.795833333333333,"VantagePro","","SEGC"
"268",2012-10-21,0.83125,"VantagePro","","SEGC"
"269",2012-10-22,0.795833333333333,"VantagePro","","SEGC"
"270",2012-10-23,0.99375,"VantagePro","","SEGC"
"271",2012-10-24,0.552083333333333,"VantagePro","","SEGC"
"272",2012-10-25,0.5625,"VantagePro","","SEGC"
"273",2012-10-26,0.875,"VantagePro","","SEGC"
"274",2012-10-27,0.502083333333333,"VantagePro","","SEGC"
"275",2012-10-28,0.897916666666667,"VantagePro","","SEGC"
"276",2012-10-29,1.19791666666667,"VantagePro","","SEGC"
"277",2012-10-30,1.17916666666667,"VantagePro","","SEGC"
"278",2012-10-31,0.777083333333333,"VantagePro","","SEGC"
"279",2012-11-01,0.9,"VantagePro","","SEGC"
"280",2012-11-02,0.85,"VantagePro","","SEGC"
"281",2012-11-03,1.18125,"VantagePro","","SEGC"
"282",2012-11-04,0.78125,"VantagePro","","SEGC"
"283",2012-11-05,0.8875,"VantagePro","","SEGC"
"284",2012-11-06,1,"VantagePro","","SEGC"
"285",2012-11-07,0.61875,"VantagePro","","SEGC"
"286",2012-11-08,0.929166666666667,"VantagePro","","SEGC"
"287",2012-11-09,0.547916666666667,"VantagePro","","SEGC"
"288",2012-11-10,0.766666666666667,"VantagePro","","SEGC"
"289",2012-11-11,0.895833333333333,"VantagePro","","SEGC"
"290",2012-11-12,0.954166666666667,"VantagePro","","SEGC"
"291",2012-11-13,0.677083333333333,"VantagePro","","SEGC"
"292",2012-11-14,0.614583333333333,"VantagePro","","SEGC"
"293",2012-11-15,0.597916666666667,"VantagePro","","SEGC"
"294",2012-11-16,0.68125,"VantagePro","","SEGC"
"295",2012-11-17,0.354166666666667,"VantagePro","","SEGC"
"296",2012-11-18,0.59375,"VantagePro","","SEGC"
"297",2012-11-19,0.545833333333333,"VantagePro","","SEGC"
"298",2012-11-20,0.435416666666667,"VantagePro","","SEGC"
"299",2012-11-21,0.820833333333333,"VantagePro","","SEGC"
"300",2012-11-22,0.48125,"VantagePro","","SEGC"
"301",2012-11-23,0.61875,"VantagePro","","SEGC"
"302",2012-11-24,0.641666666666667,"VantagePro","","SEGC"
"303",2012-11-25,0.997916666666667,"VantagePro","","SEGC"
"304",2012-11-26,0.46875,"VantagePro","","SEGC"
"305",2012-11-27,0.364583333333333,"VantagePro","","SEGC"
"306",2012-11-28,0.889583333333333,"VantagePro","","SEGC"
"307",2012-11-29,0.535416666666667,"VantagePro","","SEGC"
"308",2012-11-30,0.6,"VantagePro","","SEGC"
"309",2012-12-01,0.458333333333333,"VantagePro","","SEGC"
"310",2012-12-02,0.697916666666667,"VantagePro","","SEGC"
"311",2012-12-03,0.710416666666667,"VantagePro","","SEGC"
"312",2012-12-04,0.783333333333333,"VantagePro","","SEGC"
"313",2012-12-05,0.48125,"VantagePro","","SEGC"
"314",2012-12-06,0.8375,"VantagePro","","SEGC"
"315",2012-12-07,0.847916666666667,"VantagePro","","SEGC"
"316",2012-12-08,1.23125,"VantagePro","","SEGC"
"317",2012-12-09,0.6125,"VantagePro","","SEGC"
"318",2012-12-10,0.508333333333333,"VantagePro","","SEGC"
"319",2012-12-11,0.527083333333333,"VantagePro","","SEGC"
"320",2012-12-12,0.94375,"VantagePro","","SEGC"
"321",2012-12-13,0.889583333333333,"VantagePro","","SEGC"
"322",2012-12-14,0.352083333333333,"VantagePro","","SEGC"
"323",2012-12-15,0.220833333333333,"VantagePro","","SEGC"
"324",2012-12-16,0.397916666666667,"VantagePro","","SEGC"
"325",2012-12-17,0.59375,"VantagePro","","SEGC"
"326",2012-12-18,1.11875,"VantagePro","","SEGC"
"327",2012-12-19,0.560416666666667,"VantagePro","","SEGC"
"328",2012-12-20,0.666666666666667,"VantagePro","","SEGC"
"329",2012-12-21,0.422916666666667,"VantagePro","","SEGC"
"330",2012-12-22,0.24375,"VantagePro","","SEGC"
"331",2012-12-23,0.44375,"VantagePro","","SEGC"
"332",2012-12-24,0.5125,"VantagePro","","SEGC"
"333",2012-12-25,0.477083333333333,"VantagePro","","SEGC"
"334",2012-12-26,1.07291666666667,"VantagePro","","SEGC"
"335",2012-12-27,0.714583333333333,"VantagePro","","SEGC"
"336",2012-12-28,0.214583333333333,"VantagePro","","SEGC"
"337",2012-12-29,0.51875,"VantagePro","","SEGC"
"338",2012-12-30,0.8625,"VantagePro","","SEGC"
"339",2012-12-31,0.539583333333333,"VantagePro","","SEGC"
"340",2013-01-01,0.247916666666667,"VantagePro","","SEGC"
"341",2013-01-02,0.822916666666667,"VantagePro","","SEGC"
"342",2013-01-03,0.88125,"VantagePro","","SEGC"
"343",2013-01-04,0.972916666666667,"VantagePro","","SEGC"
"344",2013-01-05,0.91875,"VantagePro","","SEGC"
"345",2013-01-06,0.8375,"VantagePro","","SEGC"
"346",2013-01-07,0.69375,"VantagePro","","SEGC"
"347",2013-01-08,0.414583333333333,"VantagePro","","SEGC"
"348",2013-01-09,0.258333333333333,"VantagePro","","SEGC"
"349",2013-01-10,0.691666666666667,"VantagePro","","SEGC"
"350",2013-01-11,0.945833333333333,"VantagePro","","SEGC"
"351",2013-01-12,0.627083333333333,"VantagePro","","SEGC"
"352",2013-01-13,0.533333333333333,"VantagePro","","SEGC"
"353",2013-01-14,0.69375,"VantagePro","","SEGC"
"354",2013-01-15,0.6625,"VantagePro","","SEGC"
"355",2013-01-16,0.566666666666667,"VantagePro","","SEGC"
"356",2013-01-17,0.45625,"VantagePro","","SEGC"
"357",2013-01-18,0.664583333333333,"VantagePro","","SEGC"
"358",2013-01-19,0.435416666666667,"VantagePro","","SEGC"
"359",2013-01-20,0.375,"VantagePro","","SEGC"
"360",2013-01-21,0.997916666666667,"VantagePro","","SEGC"
"361",2013-01-22,0.925,"VantagePro","","SEGC"
"362",2013-01-23,1.1125,"VantagePro","","SEGC"
"363",2013-01-24,0.952083333333333,"VantagePro","","SEGC"
"364",2013-01-25,0.49375,"VantagePro","","SEGC"
"365",2013-01-26,1.39166666666667,"VantagePro","","SEGC"
"366",2013-01-27,0.7375,"VantagePro","","SEGC"
"367",2013-01-28,0.522916666666667,"VantagePro","","SEGC"
"368",2013-01-29,0.96875,"VantagePro","","SEGC"
"369",2013-01-30,0.879166666666667,"VantagePro","","SEGC"
"370",2013-01-31,0.516666666666667,"VantagePro","","SEGC"
"371",2013-02-01,0.829166666666667,"VantagePro","","SEGC"
"372",2013-02-02,0.5625,"VantagePro","","SEGC"
"373",2013-02-03,0.379166666666667,"VantagePro","","SEGC"
"374",2013-02-04,0.51875,"VantagePro","","SEGC"
"375",2013-02-05,0.53125,"VantagePro","","SEGC"
"376",2013-02-06,0.664583333333333,"VantagePro","","SEGC"
"377",2013-02-07,0.522916666666667,"VantagePro","","SEGC"
"378",2013-02-08,0.80625,"VantagePro","","SEGC"
"379",2013-02-09,0.810416666666667,"VantagePro","","SEGC"
"380",2013-02-10,0.595833333333333,"VantagePro","","SEGC"
"381",2013-02-11,0.535416666666667,"VantagePro","","SEGC"
"382",2013-02-12,0.816666666666667,"VantagePro","","SEGC"
"383",2013-02-13,0.73125,"VantagePro","","SEGC"
"384",2013-02-14,1.0375,"VantagePro","","SEGC"
"385",2013-02-15,0.602083333333333,"VantagePro","","SEGC"
"386",2013-02-16,0.770833333333333,"VantagePro","","SEGC"
"387",2013-02-17,1.26875,"VantagePro","","SEGC"
"388",2013-02-18,1.08333333333333,"VantagePro","","SEGC"
"389",2013-02-19,0.822916666666667,"VantagePro","","SEGC"
"390",2013-02-20,0.43125,"VantagePro","","SEGC"
"391",2013-02-21,0.63125,"VantagePro","","SEGC"
"392",2013-02-22,0.435416666666667,"VantagePro","","SEGC"
"393",2013-02-23,0.770833333333333,"VantagePro","","SEGC"
"394",2013-02-24,0.983333333333333,"VantagePro","","SEGC"
"395",2013-02-25,0.670833333333333,"VantagePro","","SEGC"
"396",2013-02-26,0.525,"VantagePro","","SEGC"
"397",2013-02-27,0.68125,"VantagePro","","SEGC"
"398",2013-02-28,0.333333333333333,"VantagePro","","SEGC"
"399",2013-03-01,0.885416666666667,"VantagePro","","SEGC"
"400",2013-03-02,0.352083333333333,"VantagePro","","SEGC"
"401",2013-03-03,0.80625,"VantagePro","","SEGC"
"402",2013-03-04,1.04583333333333,"VantagePro","","SEGC"
"403",2013-03-05,0.510416666666667,"VantagePro","","SEGC"
"404",2013-03-06,0.31875,"VantagePro","","SEGC"
"405",2013-03-07,0.522916666666667,"VantagePro","","SEGC"
"406",2013-03-08,0.504166666666667,"VantagePro","","SEGC"
"407",2013-03-09,1.0875,"VantagePro","","SEGC"
"408",2013-03-10,0.558333333333333,"VantagePro","","SEGC"
"409",2013-03-11,0.65,"VantagePro","","SEGC"
"410",2013-03-12,0.475,"VantagePro","","SEGC"
"411",2013-03-13,0.689583333333333,"VantagePro","","SEGC"
"412",2013-03-14,0.770833333333333,"VantagePro","","SEGC"
"413",2013-03-15,0.591666666666667,"VantagePro","","SEGC"
"414",2013-03-16,0.80625,"VantagePro","","SEGC"
"415",2013-03-17,0.370833333333333,"VantagePro","","SEGC"
"416",2013-03-18,0.658333333333333,"VantagePro","","SEGC"
"417",2013-03-19,0.745833333333333,"VantagePro","","SEGC"
"418",2013-03-20,0.410416666666667,"VantagePro","","SEGC"
"419",2013-03-21,0.516666666666667,"VantagePro","","SEGC"
"420",2013-03-22,0.641666666666667,"VantagePro","","SEGC"
"421",2013-03-23,0.602083333333333,"VantagePro","","SEGC"
"422",2013-03-24,0.660416666666667,"VantagePro","","SEGC"
"423",2013-03-25,0.629166666666667,"VantagePro","","SEGC"
"424",2013-03-26,0.729166666666667,"VantagePro","","SEGC"
"425",2013-03-27,0.660416666666667,"VantagePro","","SEGC"
"426",2013-03-28,0.53125,"VantagePro","","SEGC"
"427",2013-03-29,0.845833333333333,"VantagePro","","SEGC"
"428",2013-03-30,1.06666666666667,"VantagePro","","SEGC"
"429",2013-03-31,0.345833333333333,"VantagePro","","SEGC"
"430",2013-04-01,0.433333333333333,"VantagePro","","SEGC"
"431",2013-04-02,0.70625,"VantagePro","","SEGC"
"432",2013-04-03,0.39375,"VantagePro","","SEGC"
"433",2013-04-04,1.01875,"VantagePro","","SEGC"
"434",2013-04-05,1.11041666666667,"VantagePro","","SEGC"
"435",2013-04-06,0.452083333333333,"VantagePro","","SEGC"
"436",2013-04-07,0.697916666666667,"VantagePro","","SEGC"
"437",2013-04-08,0.225,"VantagePro","","SEGC"
"438",2013-04-09,0.508333333333333,"VantagePro","","SEGC"
"439",2013-04-10,1.1625,"VantagePro","","SEGC"
"440",2013-04-11,0.395833333333333,"VantagePro","","SEGC"
"441",2013-04-12,0.44375,"VantagePro","","SEGC"
"442",2013-04-13,0.522916666666667,"VantagePro","","SEGC"
"443",2013-04-14,0.55,"VantagePro","","SEGC"
"444",2013-04-15,1.22291666666667,"VantagePro","","SEGC"
"445",2013-04-16,0.810416666666667,"VantagePro","","SEGC"
"446",2013-04-17,0.741666666666667,"VantagePro","","SEGC"
"447",2013-04-18,1.00833333333333,"VantagePro","","SEGC"
"448",2013-04-19,0.7125,"VantagePro","","SEGC"
"449",2013-04-20,0.34375,"VantagePro","","SEGC"
"450",2013-04-21,0.508333333333333,"VantagePro","","SEGC"
"451",2013-04-22,0.510416666666667,"VantagePro","","SEGC"
"452",2013-04-23,0.529166666666667,"VantagePro","","SEGC"
"453",2013-04-24,0.360416666666667,"VantagePro","","SEGC"
"454",2013-04-25,0.48125,"VantagePro","","SEGC"
"455",2013-04-26,0.991666666666667,"VantagePro","","SEGC"
"456",2013-04-27,0.533333333333333,"VantagePro","","SEGC"
"457",2013-04-28,0.666666666666667,"VantagePro","","SEGC"
"458",2013-04-29,0.99375,"VantagePro","","SEGC"
"459",2013-04-30,0.558333333333333,"VantagePro","","SEGC"
"460",2013-05-01,0.564583333333333,"VantagePro","","SEGC"
"461",2013-05-02,0.383333333333333,"VantagePro","","SEGC"
"462",2013-05-03,0.747916666666667,"VantagePro","","SEGC"
"463",2013-05-04,0.65,"VantagePro","","SEGC"
"464",2013-05-05,0.48125,"VantagePro","","SEGC"
"465",2013-05-06,0.422916666666667,"VantagePro","","SEGC"
"466",2013-05-07,1.11458333333333,"VantagePro","","SEGC"
"467",2013-05-08,0.441666666666667,"VantagePro","","SEGC"
"468",2013-05-09,0.527083333333333,"VantagePro","","SEGC"
"469",2013-05-10,0.7375,"VantagePro","","SEGC"
"470",2013-05-11,0.495833333333333,"VantagePro","","SEGC"
"471",2013-05-12,0.435416666666667,"VantagePro","","SEGC"
"472",2013-05-13,0.352083333333333,"VantagePro","","SEGC"
"473",2013-05-14,0.616666666666667,"VantagePro","","SEGC"
"474",2013-05-15,0.23125,"VantagePro","","SEGC"
"475",2013-05-16,0.447916666666667,"VantagePro","","SEGC"
"476",2013-05-17,0.516666666666667,"VantagePro","","SEGC"
"477",2013-05-18,0.258333333333333,"VantagePro","","SEGC"
"478",2013-05-19,0.65,"VantagePro","","SEGC"
"479",2013-05-20,0.495833333333333,"VantagePro","","SEGC"
"480",2013-05-21,0.345833333333333,"VantagePro","","SEGC"
"481",2013-05-22,0.6625,"VantagePro","","SEGC"
"482",2013-05-23,0.383333333333333,"VantagePro","","SEGC"
"483",2013-05-24,0.497916666666667,"VantagePro","","SEGC"
"484",2013-05-25,0.379166666666667,"VantagePro","","SEGC"
"485",2013-05-26,0.675,"VantagePro","","SEGC"
"486",2013-05-27,1.09791666666667,"VantagePro","","SEGC"
"487",2013-05-28,0.8375,"VantagePro","","SEGC"
"488",2013-05-29,0.679166666666667,"VantagePro","","SEGC"
"489",2013-05-30,0.45,"VantagePro","","SEGC"
"490",2013-05-31,0.489583333333333,"VantagePro","","SEGC"
"491",2013-06-01,0.777083333333333,"VantagePro","","SEGC"
"492",2013-06-02,0.827083333333333,"VantagePro","","SEGC"
"493",2013-06-03,1.15,"VantagePro","","SEGC"
"494",2013-06-04,0.702083333333333,"VantagePro","","SEGC"
"495",2013-06-05,0.347916666666667,"VantagePro","","SEGC"
"496",2013-06-06,0.295833333333333,"VantagePro","","SEGC"
"497",2013-06-07,1.09166666666667,"VantagePro","","SEGC"
"498",2013-06-08,1.16875,"VantagePro","","SEGC"
"499",2013-06-09,0.825,"VantagePro","","SEGC"
"500",2013-06-10,0.614583333333333,"VantagePro","","SEGC"
"501",2013-06-11,1.64791666666667,"VantagePro","","SEGC"
"502",2013-06-12,1.575,"VantagePro","","SEGC"
"503",2013-06-13,0.958333333333333,"VantagePro","","SEGC"
"504",2013-06-14,0.714583333333333,"VantagePro","","SEGC"
"505",2013-06-15,1.5375,"VantagePro","","SEGC"
"506",2013-06-16,0.78125,"VantagePro","","SEGC"
"507",2013-06-17,0.766666666666667,"VantagePro","","SEGC"
"508",2013-06-18,0.645833333333333,"VantagePro","","SEGC"
"509",2013-06-19,1.05416666666667,"VantagePro","","SEGC"
"510",2013-06-20,0.758333333333333,"VantagePro","","SEGC"
"511",2013-06-21,0.752083333333333,"VantagePro","","SEGC"
"512",2013-06-22,0.85625,"VantagePro","","SEGC"
"513",2013-06-23,0.93125,"VantagePro","","SEGC"
"514",2013-06-24,0.802083333333333,"VantagePro","","SEGC"
"515",2013-06-25,1.20833333333333,"VantagePro","","SEGC"
"516",2013-06-26,1.29583333333333,"VantagePro","","SEGC"
"517",2013-06-27,1.42708333333333,"VantagePro","","SEGC"
"518",2013-06-28,1.22916666666667,"VantagePro","","SEGC"
"519",2013-06-29,1.8125,"VantagePro","","SEGC"
"520",2013-06-30,1.17916666666667,"VantagePro","","SEGC"
"521",2013-07-01,0.710416666666667,"VantagePro","","SEGC"
"522",2013-07-02,1.37916666666667,"VantagePro","","SEGC"
"523",2013-07-03,1.32708333333333,"VantagePro","","SEGC"
"524",2013-07-04,1.09166666666667,"VantagePro","","SEGC"
"525",2013-07-05,0.577083333333333,"VantagePro","","SEGC"
"526",2013-07-06,1.15625,"VantagePro","","SEGC"
"527",2013-07-07,1.35833333333333,"VantagePro","","SEGC"
"528",2013-07-08,0.810416666666667,"VantagePro","","SEGC"
"529",2013-07-09,1.10833333333333,"VantagePro","","SEGC"
"530",2013-07-10,1,"VantagePro","","SEGC"
"531",2013-07-11,1.04791666666667,"VantagePro","","SEGC"
"532",2013-07-12,0.722916666666667,"VantagePro","","SEGC"
"533",2013-07-13,1.1375,"VantagePro","","SEGC"
"534",2013-07-14,0.579166666666667,"VantagePro","","SEGC"
"535",2013-07-15,0.952083333333333,"VantagePro","","SEGC"
"536",2013-07-16,1.13958333333333,"VantagePro","","SEGC"
"537",2013-07-17,0.920833333333333,"VantagePro","","SEGC"
"538",2013-07-18,0.95,"VantagePro","","SEGC"
"539",2013-07-19,1.63125,"VantagePro","","SEGC"
"540",2013-07-20,1.6625,"VantagePro","","SEGC"
"541",2013-07-21,1.36666666666667,"VantagePro","","SEGC"
"542",2013-07-22,1.20625,"VantagePro","","SEGC"
"543",2013-07-23,1.36458333333333,"VantagePro","","SEGC"
"544",2013-07-24,0.910416666666667,"VantagePro","","SEGC"
"545",2013-07-25,1.51666666666667,"VantagePro","","SEGC"
"546",2013-07-26,1.20208333333333,"VantagePro","","SEGC"
"547",2013-07-27,0.977083333333333,"VantagePro","","SEGC"
"548",2013-07-28,1.64791666666667,"VantagePro","","SEGC"
"549",2013-07-29,1.61875,"VantagePro","","SEGC"
"550",2013-07-30,1.93125,"VantagePro","","SEGC"
"551",2013-07-31,1.18125,"VantagePro","","SEGC"
"552",2013-08-01,1.31875,"VantagePro","","SEGC"
"553",2013-08-02,0.808333333333333,"VantagePro","","SEGC"
"554",2013-08-03,1.08125,"VantagePro","","SEGC"
"555",2013-08-04,1.52916666666667,"VantagePro","","SEGC"
"556",2013-08-05,1.17083333333333,"VantagePro","","SEGC"
"557",2013-08-06,1.4875,"VantagePro","","SEGC"
"558",2013-08-07,1.60416666666667,"VantagePro","","SEGC"
"559",2013-08-08,1.45208333333333,"VantagePro","","SEGC"
"560",2013-08-09,1.41875,"VantagePro","","SEGC"
"561",2013-08-10,1.525,"VantagePro","","SEGC"
"562",2013-08-11,1.00208333333333,"VantagePro","","SEGC"
"563",2013-08-12,1.53125,"VantagePro","","SEGC"
"564",2013-08-13,1.22083333333333,"VantagePro","","SEGC"
"565",2013-08-14,1.50208333333333,"VantagePro","","SEGC"
"566",2013-08-15,1.39375,"VantagePro","","SEGC"
"567",2013-08-16,1.32291666666667,"VantagePro","","SEGC"
"568",2013-08-17,1.5,"VantagePro","","SEGC"
"569",2013-08-18,1.16458333333333,"VantagePro","","SEGC"
"570",2013-08-19,1.56666666666667,"VantagePro","","SEGC"
"571",2013-08-20,1.42708333333333,"VantagePro","","SEGC"
"572",2013-08-21,0.910416666666667,"VantagePro","","SEGC"
"573",2013-08-22,0.954166666666667,"VantagePro","","SEGC"
"574",2013-08-23,0.552083333333333,"VantagePro","","SEGC"
"575",2013-08-24,0.75,"VantagePro","","SEGC"
"576",2013-08-25,1.55416666666667,"VantagePro","","SEGC"
"577",2013-08-26,1.45,"VantagePro","","SEGC"
"578",2013-08-27,1.7,"VantagePro","","SEGC"
"579",2013-08-28,1.43541666666667,"VantagePro","","SEGC"
"580",2013-08-29,1.04375,"VantagePro","","SEGC"
"581",2013-08-30,1.22916666666667,"VantagePro","","SEGC"
"582",2013-08-31,0.983333333333333,"VantagePro","","SEGC"
"583",2013-09-01,0.975,"VantagePro","","SEGC"
"584",2013-09-02,1.28333333333333,"VantagePro","","SEGC"
"585",2013-09-03,1.13125,"VantagePro","","SEGC"
"586",2013-09-04,1.18541666666667,"VantagePro","","SEGC"
"587",2013-09-05,1.43125,"VantagePro","","SEGC"
"588",2013-09-06,1.34583333333333,"VantagePro","","SEGC"
"589",2013-09-07,1.29583333333333,"VantagePro","","SEGC"
"590",2013-09-08,1.56666666666667,"VantagePro","","SEGC"
"591",2013-09-09,1.81041666666667,"VantagePro","","SEGC"
"592",2013-09-10,1.46666666666667,"VantagePro","","SEGC"
"593",2013-09-11,1.35416666666667,"VantagePro","","SEGC"
"594",2013-09-12,1.24583333333333,"VantagePro","","SEGC"
"595",2013-09-13,1.09375,"VantagePro","","SEGC"
"596",2013-09-14,1.15208333333333,"VantagePro","","SEGC"
"597",2013-09-15,1.31041666666667,"VantagePro","","SEGC"
"598",2013-09-16,1.46875,"VantagePro","","SEGC"
"599",2013-09-17,1.78333333333333,"VantagePro","","SEGC"
"600",2013-09-18,1.5375,"VantagePro","","SEGC"
"601",2013-09-19,1.73333333333333,"VantagePro","","SEGC"
"602",2013-09-20,1.50833333333333,"VantagePro","","SEGC"
"603",2013-09-21,1.70833333333333,"VantagePro","","SEGC"
"604",2013-09-22,1.60416666666667,"VantagePro","","SEGC"
"605",2013-09-23,1.05208333333333,"VantagePro","","SEGC"
"606",2013-09-24,1.01875,"VantagePro","","SEGC"
"607",2013-09-25,0.985416666666667,"VantagePro","","SEGC"
"608",2013-09-26,1.66875,"VantagePro","","SEGC"
"609",2013-09-27,1.33333333333333,"VantagePro","","SEGC"
"610",2013-09-28,1.54791666666667,"VantagePro","","SEGC"
"611",2013-09-29,1.37916666666667,"VantagePro","","SEGC"
"612",2013-09-30,1.15208333333333,"VantagePro","","SEGC"
"613",2013-10-01,0.964583333333333,"VantagePro","","SEGC"
"614",2013-10-02,1.30208333333333,"VantagePro","","SEGC"
"615",2013-10-03,1.25416666666667,"VantagePro","","SEGC"
"616",2013-10-04,0.777083333333333,"VantagePro","","SEGC"
"617",2013-10-05,0.872916666666667,"VantagePro","","SEGC"
"618",2013-10-06,1.15833333333333,"VantagePro","","SEGC"
"619",2013-10-07,1.17708333333333,"VantagePro","","SEGC"
"620",2013-10-08,0.775,"VantagePro","","SEGC"
"621",2013-10-09,1.41041666666667,"VantagePro","","SEGC"
"622",2013-10-10,0.872916666666667,"VantagePro","","SEGC"
"623",2013-10-11,0.841666666666667,"VantagePro","","SEGC"
"624",2013-10-12,0.645833333333333,"VantagePro","","SEGC"
"625",2013-10-13,0.929166666666667,"VantagePro","","SEGC"
"626",2013-10-14,0.720833333333333,"VantagePro","","SEGC"
"627",2013-10-15,0.877083333333333,"VantagePro","","SEGC"
"628",2013-10-16,0.591666666666667,"VantagePro","","SEGC"
"629",2013-10-17,0.960416666666667,"VantagePro","","SEGC"
"630",2013-10-18,1.1125,"VantagePro","","SEGC"
"631",2013-10-19,1.58541666666667,"VantagePro","","SEGC"
"632",2013-10-20,0.7,"VantagePro","","SEGC"
"633",2013-10-21,0.93125,"VantagePro","","SEGC"
"634",2013-10-22,0.647916666666667,"VantagePro","","SEGC"
"635",2013-10-23,0.666666666666667,"VantagePro","","SEGC"
"636",2013-10-24,1.4,"VantagePro","","SEGC"
"637",2013-10-25,0.480434782608696,"VantagePro","","SEGC"
"638",2013-12-05,1.26153846153846,"VantagePro","","SEGC"
"639",2013-12-06,0.695833333333333,"VantagePro","","SEGC"
"640",2013-12-07,0.414583333333333,"VantagePro","","SEGC"
"641",2013-12-08,0.375,"VantagePro","","SEGC"
"642",2013-12-09,1.0375,"VantagePro","","SEGC"
"643",2013-12-10,0.585416666666667,"VantagePro","","SEGC"
"644",2013-12-11,0.7875,"VantagePro","","SEGC"
"645",2013-12-12,0.697916666666667,"VantagePro","","SEGC"
"646",2013-12-13,0.864583333333333,"VantagePro","","SEGC"
"647",2013-12-14,0.322916666666667,"VantagePro","","SEGC"
"648",2013-12-15,0.575,"VantagePro","","SEGC"
"649",2013-12-16,0.172916666666667,"VantagePro","","SEGC"
"650",2013-12-17,0.395833333333333,"VantagePro","","SEGC"
"651",2013-12-18,0.4375,"VantagePro","","SEGC"
"652",2013-12-19,0.45625,"VantagePro","","SEGC"
"653",2013-12-20,0.585416666666667,"VantagePro","","SEGC"
"654",2013-12-21,0.6875,"VantagePro","","SEGC"
"655",2013-12-22,0.64375,"VantagePro","","SEGC"
"656",2013-12-23,1.01875,"VantagePro","","SEGC"
"657",2013-12-24,1.24583333333333,"VantagePro","","SEGC"
"658",2013-12-25,0.627083333333333,"VantagePro","","SEGC"
"659",2013-12-26,0.391666666666667,"VantagePro","","SEGC"
"660",2013-12-27,0.591666666666667,"VantagePro","","SEGC"
"661",2013-12-28,0.989583333333333,"VantagePro","","SEGC"
"662",2013-12-29,1.35416666666667,"VantagePro","","SEGC"
"663",2013-12-30,0.96875,"VantagePro","","SEGC"
"664",2013-12-31,0.53125,"VantagePro","","SEGC"
"665",2014-01-01,0.510416666666667,"VantagePro","","SEGC"
"666",2014-01-02,1.16458333333333,"VantagePro","","SEGC"
"667",2014-01-03,1.00625,"VantagePro","","SEGC"
"668",2014-01-04,1.07916666666667,"VantagePro","","SEGC"
"669",2014-01-05,0.954166666666667,"VantagePro","","SEGC"
"670",2014-01-06,1.13958333333333,"VantagePro","","SEGC"
"671",2014-01-07,1.17083333333333,"VantagePro","","SEGC"
"672",2014-01-08,0.65625,"VantagePro","","SEGC"
"673",2014-01-09,0.34375,"VantagePro","","SEGC"
"674",2014-01-10,1.01458333333333,"VantagePro","","SEGC"
"675",2014-01-11,0.80625,"VantagePro","","SEGC"
"676",2014-01-12,0.370833333333333,"VantagePro","","SEGC"
"677",2014-01-13,0.927083333333333,"VantagePro","","SEGC"
"678",2014-01-14,1.02708333333333,"VantagePro","","SEGC"
"679",2014-01-15,1.04166666666667,"VantagePro","","SEGC"
"680",2014-01-16,0.527083333333333,"VantagePro","","SEGC"
"681",2014-01-17,0.166666666666667,"VantagePro","","SEGC"
"682",2014-01-18,1.10833333333333,"VantagePro","","SEGC"
"683",2014-01-19,0.65,"VantagePro","","SEGC"
"684",2014-01-20,0.854166666666667,"VantagePro","","SEGC"
"685",2014-01-21,0.672916666666667,"VantagePro","","SEGC"
"686",2014-01-22,1.33125,"VantagePro","","SEGC"
"687",2014-01-23,0.877083333333333,"VantagePro","","SEGC"
"688",2014-01-24,0.589583333333333,"VantagePro","","SEGC"
"689",2014-01-25,0.675,"VantagePro","","SEGC"
"690",2014-01-26,0.664583333333333,"VantagePro","","SEGC"
"691",2014-01-27,1.18947368421053,"VantagePro","","SEGC"
"692",2013-04-29,0.389692307692308,"SKYE","","SEGC"
"693",2013-04-30,0.228833333333333,"SKYE","","SEGC"
"694",2013-05-01,0.2384375,"SKYE","","SEGC"
"695",2013-05-02,0.189770833333333,"SKYE","","SEGC"
"696",2013-05-03,0.307854166666667,"SKYE","","SEGC"
"697",2013-05-04,0.294791666666667,"SKYE","","SEGC"
"698",2013-05-05,0.201104166666667,"SKYE","","SEGC"
"699",2013-05-06,0.193229166666667,"SKYE","","SEGC"
"700",2013-05-07,0.391229166666667,"SKYE","","SEGC"
"701",2013-05-08,0.224479166666667,"SKYE","","SEGC"
"702",2013-05-09,0.273979166666667,"SKYE","","SEGC"
"703",2013-05-10,0.3060625,"SKYE","","SEGC"
"704",2013-05-11,0.226208333333333,"SKYE","","SEGC"
"705",2013-05-12,0.202770833333333,"SKYE","","SEGC"
"706",2013-05-13,0.203645833333333,"SKYE","","SEGC"
"707",2013-05-14,0.260979166666667,"SKYE","","SEGC"
"708",2013-05-15,0.174916666666667,"SKYE","","SEGC"
"709",2013-05-16,0.2106875,"SKYE","","SEGC"
"710",2013-05-17,0.236645833333333,"SKYE","","SEGC"
"711",2013-05-18,0.169729166666667,"SKYE","","SEGC"
"712",2013-05-19,0.278270833333333,"SKYE","","SEGC"
"713",2013-05-20,0.216583333333333,"SKYE","","SEGC"
"714",2013-05-21,0.195,"SKYE","","SEGC"
"715",2013-05-22,0.2688125,"SKYE","","SEGC"
"716",2013-05-23,0.1958125,"SKYE","","SEGC"
"717",2013-05-24,0.227104166666667,"SKYE","","SEGC"
"718",2013-05-25,0.2001875,"SKYE","","SEGC"
"719",2013-05-26,0.298229166666667,"SKYE","","SEGC"
"720",2013-05-27,0.412833333333333,"SKYE","","SEGC"
"721",2013-05-28,0.330291666666667,"SKYE","","SEGC"
"722",2013-05-29,0.2705625,"SKYE","","SEGC"
"723",2013-05-30,0.214979166666667,"SKYE","","SEGC"
"724",2013-05-31,0.239208333333333,"SKYE","","SEGC"
"725",2013-06-01,0.304354166666667,"SKYE","","SEGC"
"726",2013-06-02,0.316520833333333,"SKYE","","SEGC"
"727",2013-06-03,0.432833333333333,"SKYE","","SEGC"
"728",2013-06-04,0.284395833333333,"SKYE","","SEGC"
"729",2013-06-05,0.169729166666667,"SKYE","","SEGC"
"730",2013-06-06,0.172395833333333,"SKYE","","SEGC"
"731",2013-06-07,0.394708333333333,"SKYE","","SEGC"
"732",2013-06-08,0.42675,"SKYE","","SEGC"
"733",2013-06-09,0.316520833333333,"SKYE","","SEGC"
"734",2013-06-10,0.229645833333333,"SKYE","","SEGC"
"735",2013-06-11,0.549229166666667,"SKYE","","SEGC"
"736",2013-06-12,0.537083333333333,"SKYE","","SEGC"
"737",2013-06-13,0.359958333333333,"SKYE","","SEGC"
"738",2013-06-14,0.285229166666667,"SKYE","","SEGC"
"739",2013-06-15,0.492791666666667,"SKYE","","SEGC"
"740",2013-06-16,0.300895833333333,"SKYE","","SEGC"
"741",2013-06-17,0.2939375,"SKYE","","SEGC"
"742",2013-06-18,0.284375,"SKYE","","SEGC"
"743",2013-06-19,0.394625,"SKYE","","SEGC"
"744",2013-06-20,0.313979166666667,"SKYE","","SEGC"
"745",2013-06-21,0.293895833333333,"SKYE","","SEGC"
"746",2013-06-22,0.323416666666667,"SKYE","","SEGC"
"747",2013-06-23,0.362583333333333,"SKYE","","SEGC"
"748",2013-06-24,0.3330625,"SKYE","","SEGC"
"749",2013-06-25,0.447604166666667,"SKYE","","SEGC"
"750",2013-06-26,0.4449375,"SKYE","","SEGC"
"751",2013-06-27,0.4675625,"SKYE","","SEGC"
"752",2013-06-28,0.411826086956522,"SKYE","","SEGC"
"753",2013-06-29,0.490416666666667,"SKYE","","SEGC"
"754",2013-06-30,0.453708333333333,"SKYE","","SEGC"
"755",2013-07-01,0.299145833333333,"SKYE","","SEGC"
"756",2013-07-02,0.465,"SKYE","","SEGC"
"757",2013-07-03,0.5108,"SKYE","","SEGC"
"758",2013-07-04,0.404604166666667,"SKYE","","SEGC"
"759",2013-07-05,0.299989583333333,"SKYE","","SEGC"
"760",2013-07-06,0.427230769230769,"SKYE","","SEGC"
"761",2013-07-07,0.486666666666667,"SKYE","","SEGC"
"762",2013-07-08,0.318208333333333,"SKYE","","SEGC"
"763",2013-07-09,0.390291666666667,"SKYE","","SEGC"
"764",2013-07-10,0.3764375,"SKYE","","SEGC"
"765",2013-07-11,0.376458333333333,"SKYE","","SEGC"
"766",2013-07-12,0.299979166666667,"SKYE","","SEGC"
"767",2013-07-13,0.399020833333333,"SKYE","","SEGC"
"768",2013-07-14,0.2601875,"SKYE","","SEGC"
"769",2013-07-15,0.353895833333333,"SKYE","","SEGC"
"770",2013-07-16,0.402458333333333,"SKYE","","SEGC"
"771",2013-07-17,0.332125,"SKYE","","SEGC"
"772",2013-07-18,0.366875,"SKYE","","SEGC"
"773",2013-07-19,0.534395833333333,"SKYE","","SEGC"
"774",2013-07-20,0.542166666666667,"SKYE","","SEGC"
"775",2013-07-21,0.469291666666667,"SKYE","","SEGC"
"776",2013-07-22,0.440625,"SKYE","","SEGC"
"777",2013-07-23,0.488375,"SKYE","","SEGC"
"778",2013-07-24,0.361666666666667,"SKYE","","SEGC"
"779",2013-07-25,0.493708333333333,"SKYE","","SEGC"
"780",2013-07-26,0.461520833333333,"SKYE","","SEGC"
"781",2013-07-27,0.3694375,"SKYE","","SEGC"
"782",2013-07-28,0.540458333333333,"SKYE","","SEGC"
"783",2013-07-29,0.57525,"SKYE","","SEGC"
"784",2013-07-30,0.599541666666667,"SKYE","","SEGC"
"785",2013-07-31,0.438104166666667,"SKYE","","SEGC"
"786",2013-08-01,0.467583333333333,"SKYE","","SEGC"
"787",2013-08-02,0.30525,"SKYE","","SEGC"
"788",2013-08-03,0.383416666666667,"SKYE","","SEGC"
"789",2013-08-04,0.540541666666667,"SKYE","","SEGC"
"790",2013-08-05,0.4554375,"SKYE","","SEGC"
"791",2013-08-06,0.5291875,"SKYE","","SEGC"
"792",2013-08-07,0.561354166666667,"SKYE","","SEGC"
"793",2013-08-08,0.528375,"SKYE","","SEGC"
"794",2013-08-09,0.488458333333333,"SKYE","","SEGC"
"795",2013-08-10,0.530958333333333,"SKYE","","SEGC"
"796",2013-08-11,0.387645833333333,"SKYE","","SEGC"
"797",2013-08-12,0.5405,"SKYE","","SEGC"
"798",2013-08-13,0.460604166666667,"SKYE","","SEGC"
"799",2013-08-14,0.533583333333333,"SKYE","","SEGC"
"800",2013-08-15,0.50575,"SKYE","","SEGC"
"801",2013-08-16,0.510145833333333,"SKYE","","SEGC"
"802",2013-08-17,0.533604166666667,"SKYE","","SEGC"
"803",2013-08-18,0.431166666666667,"SKYE","","SEGC"
"804",2013-08-19,0.564791666666667,"SKYE","","SEGC"
"805",2013-08-20,0.510125,"SKYE","","SEGC"
"806",2013-08-21,0.374625,"SKYE","","SEGC"
"807",2013-08-22,0.369479166666667,"SKYE","","SEGC"
"808",2013-08-23,0.263520833333333,"SKYE","","SEGC"
"809",2013-08-24,0.305208333333333,"SKYE","","SEGC"
"810",2013-08-25,0.5404375,"SKYE","","SEGC"
"811",2013-08-26,0.5265625,"SKYE","","SEGC"
"812",2013-08-27,0.583041666666667,"SKYE","","SEGC"
"813",2013-08-28,0.502208333333333,"SKYE","","SEGC"
"814",2013-08-29,0.38075,"SKYE","","SEGC"
"815",2013-08-30,0.4798125,"SKYE","","SEGC"
"816",2013-08-31,0.33505,"SKYE","","SEGC"
"817",2013-10-09,1.38107142857143,"SKYE","","SEGC"
"818",2013-10-10,1.197875,"SKYE","","SEGC"
"819",2013-10-11,1.1570625,"SKYE","","SEGC"
"820",2013-10-12,0.968604166666667,"SKYE","","SEGC"
"821",2013-10-13,1.22872340425532,"SKYE","","SEGC"
"822",2013-10-14,1.04154166666667,"SKYE","","SEGC"
"823",2013-10-15,1.18577083333333,"SKYE","","SEGC"
"824",2013-10-16,0.904333333333333,"SKYE","","SEGC"
"825",2013-10-17,1.1726875,"SKYE","","SEGC"
"826",2013-10-18,1.37070833333333,"SKYE","","SEGC"
"827",2013-10-19,1.7675625,"SKYE","","SEGC"
"828",2013-10-20,0.9755625,"SKYE","","SEGC"
"829",2013-10-21,1.17960416666667,"SKYE","","SEGC"
"830",2013-10-22,0.900041666666667,"SKYE","","SEGC"
"831",2013-10-23,0.965979166666667,"SKYE","","SEGC"
"832",2013-10-24,1.54439583333333,"SKYE","","SEGC"
"833",2013-10-25,0.798617021276596,"SKYE","","SEGC"
"834",2013-10-26,0.77325,"SKYE","","SEGC"
"835",2013-10-27,1.16397916666667,"SKYE","","SEGC"
"836",2013-10-28,0.8983125,"SKYE","","SEGC"
"837",2013-10-29,1.01027083333333,"SKYE","","SEGC"
"838",2013-10-30,0.94775,"SKYE","","SEGC"
"839",2013-10-31,1.00427083333333,"SKYE","","SEGC"
"840",2013-11-01,1.15795833333333,"SKYE","","SEGC"
"841",2013-11-02,0.954729166666667,"SKYE","","SEGC"
"842",2013-11-03,0.776770833333333,"SKYE","","SEGC"
"843",2013-11-04,0.854083333333333,"SKYE","","SEGC"
"844",2013-11-05,0.7159375,"SKYE","","SEGC"
"845",2013-11-06,0.9573125,"SKYE","","SEGC"
"846",2013-11-07,0.881729166666667,"SKYE","","SEGC"
"847",2013-11-08,0.9035625,"SKYE","","SEGC"
"848",2013-11-09,1.05720833333333,"SKYE","","SEGC"
"849",2013-11-10,0.9694375,"SKYE","","SEGC"
"850",2013-11-11,0.772416666666667,"SKYE","","SEGC"
"851",2013-11-12,1.4115,"SKYE","","SEGC"
"852",2013-11-13,1.07197916666667,"SKYE","","SEGC"
"853",2013-11-14,1.03029166666667,"SKYE","","SEGC"
"854",2013-11-15,0.937291666666667,"SKYE","","SEGC"
"855",2013-11-16,0.682979166666667,"SKYE","","SEGC"
"856",2013-11-17,0.821833333333333,"SKYE","","SEGC"
"857",2013-11-18,1.18570833333333,"SKYE","","SEGC"
"858",2013-11-19,1.09020833333333,"SKYE","","SEGC"
"859",2013-11-20,1.06327083333333,"SKYE","","SEGC"
"860",2013-11-21,0.906166666666667,"SKYE","","SEGC"
"861",2013-11-22,0.857395833333333,"SKYE","","SEGC"
"862",2013-11-23,0.797520833333333,"SKYE","","SEGC"
"863",2013-11-24,1.02252083333333,"SKYE","","SEGC"
"864",2013-11-25,0.838395833333333,"SKYE","","SEGC"
"865",2013-11-26,0.6256875,"SKYE","","SEGC"
"866",2013-11-27,0.847104166666667,"SKYE","","SEGC"
"867",2013-11-28,0.6976875,"SKYE","","SEGC"
"868",2013-11-29,0.678625,"SKYE","","SEGC"
"869",2013-11-30,1.09633333333333,"SKYE","","SEGC"
"870",2013-12-01,1.1075625,"SKYE","","SEGC"
"871",2013-12-02,1.0885,"SKYE","","SEGC"
"872",2013-12-03,0.7610625,"SKYE","","SEGC"
"873",2013-12-04,0.762895833333333,"SKYE","","SEGC"
"874",2013-12-05,1.11189583333333,"SKYE","","SEGC"
"875",2013-12-06,0.999083333333333,"SKYE","","SEGC"
"876",2013-12-07,0.6785625,"SKYE","","SEGC"
"877",2013-12-08,0.695083333333333,"SKYE","","SEGC"
"878",2013-12-09,1.29166666666667,"SKYE","","SEGC"
"879",2013-12-10,0.8548125,"SKYE","","SEGC"
"880",2013-12-11,1.06770833333333,"SKYE","","SEGC"
"881",2013-12-12,0.956416666666667,"SKYE","","SEGC"
"882",2013-12-13,1.05202083333333,"SKYE","","SEGC"
"883",2013-12-14,0.6421875,"SKYE","","SEGC"
"884",2013-12-15,0.815833333333333,"SKYE","","SEGC"
"885",2013-12-16,0.514479166666667,"SKYE","","SEGC"
"886",2013-12-17,0.619583333333333,"SKYE","","SEGC"
"887",2013-12-18,0.670854166666667,"SKYE","","SEGC"
"888",2013-12-19,0.697666666666667,"SKYE","","SEGC"
"889",2013-12-20,0.793270833333333,"SKYE","","SEGC"
"890",2013-12-21,0.864479166666667,"SKYE","","SEGC"
"891",2013-12-22,0.848833333333333,"SKYE","","SEGC"
"892",2013-12-23,1.1370625,"SKYE","","SEGC"
"893",2013-12-24,1.41325,"SKYE","","SEGC"
"894",2013-12-25,0.915708333333333,"SKYE","","SEGC"
"895",2013-12-26,0.602229166666667,"SKYE","","SEGC"
"896",2013-12-27,0.755958333333333,"SKYE","","SEGC"
"897",2013-12-28,1.16402083333333,"SKYE","","SEGC"
"898",2013-12-29,1.4905625,"SKYE","","SEGC"
"899",2013-12-30,1.21529166666667,"SKYE","","SEGC"
"900",2013-12-31,0.818416666666667,"SKYE","","SEGC"
"901",2014-01-01,0.801854166666667,"SKYE","","SEGC"
"902",2014-01-02,1.29691666666667,"SKYE","","SEGC"
"903",2014-01-03,1.19270833333333,"SKYE","","SEGC"
"904",2014-01-04,1.27002083333333,"SKYE","","SEGC"
"905",2014-01-05,1.13716666666667,"SKYE","","SEGC"
"906",2014-01-06,1.2786875,"SKYE","","SEGC"
"907",2014-01-07,1.35770833333333,"SKYE","","SEGC"
"908",2014-01-08,0.9035,"SKYE","","SEGC"
"909",2014-01-09,0.639541666666667,"SKYE","","SEGC"
"910",2014-01-10,1.17191666666667,"SKYE","","SEGC"
"911",2014-01-11,1.06675,"SKYE","","SEGC"
"912",2014-01-12,0.636916666666667,"SKYE","","SEGC"
"913",2014-01-13,1.1579375,"SKYE","","SEGC"
"914",2014-01-14,1.19877083333333,"SKYE","","SEGC"
"915",2014-01-15,1.19272916666667,"SKYE","","SEGC"
"916",2014-01-16,0.777625,"SKYE","","SEGC"
"917",2014-01-17,0.458958333333333,"SKYE","","SEGC"
"918",2014-01-18,1.2335625,"SKYE","","SEGC"
"919",2014-01-19,0.899083333333333,"SKYE","","SEGC"
"920",2014-01-20,0.943520833333333,"SKYE","","SEGC"
"921",2014-01-21,0.852333333333333,"SKYE","","SEGC"
"922",2014-01-22,1.43072916666667,"SKYE","","SEGC"
"923",2014-01-23,1.09454166666667,"SKYE","","SEGC"
"924",2014-01-24,0.867833333333333,"SKYE","","SEGC"
"925",2014-01-25,0.930458333333333,"SKYE","","SEGC"
"926",2014-01-26,0.890541666666667,"SKYE","","SEGC"
"927",2014-01-27,1.1944375,"SKYE","","SEGC"
"928",2014-01-28,1.25089583333333,"SKYE","","SEGC"
"929",2014-01-29,0.892208333333333,"SKYE","","SEGC"
"930",2014-01-30,0.961605263157895,"SKYE","","SEGC"
"931",2014-10-10,1.18577083333333,"SKYE","","SEGC"
"932",2014-10-11,1.35589583333333,"SKYE","","SEGC"
"933",2014-10-12,1.73547916666667,"SKYE","","SEGC"
"934",2014-10-13,1.4619375,"SKYE","","SEGC"
"935",2014-10-14,1.22479166666667,"SKYE","","SEGC"
"936",2014-10-15,1.26564583333333,"SKYE","","SEGC"
"937",2014-10-16,1.55129166666667,"SKYE","","SEGC"
"938",2014-10-17,1.40202083333333,"SKYE","","SEGC"
"939",2014-10-18,0.839229166666667,"SKYE","","SEGC"
"940",2014-10-19,0.755041666666667,"SKYE","","SEGC"
"941",2014-10-20,1.1015625,"SKYE","","SEGC"
"942",2014-10-21,0.989458333333333,"SKYE","","SEGC"
"943",2014-10-22,1.14052083333333,"SKYE","","SEGC"
"944",2014-10-23,1.42979166666667,"SKYE","","SEGC"
"945",2014-10-24,0.998104166666667,"SKYE","","SEGC"
"946",2014-10-25,1.05027083333333,"SKYE","","SEGC"
"947",2014-10-26,1.19783333333333,"SKYE","","SEGC"
"948",2014-10-27,1.1675625,"SKYE","","SEGC"
"949",2014-10-28,1.17527083333333,"SKYE","","SEGC"
"950",2014-10-29,0.990354166666667,"SKYE","","SEGC"
"951",2014-10-30,1.60777083333333,"SKYE","","SEGC"
"952",2014-10-31,1.450625,"SKYE","","SEGC"
"953",2014-11-01,1.111,"SKYE","","SEGC"
"954",2014-11-02,0.989458333333333,"SKYE","","SEGC"
"955",2014-11-03,0.961645833333333,"SKYE","","SEGC"
"956",2014-11-04,1.0875625,"SKYE","","SEGC"
"957",2014-11-05,0.920875,"SKYE","","SEGC"
"958",2014-11-06,1.31514583333333,"SKYE","","SEGC"
"959",2014-11-07,0.9191875,"SKYE","","SEGC"
"960",2014-11-08,0.9279375,"SKYE","","SEGC"
"961",2014-11-09,1.05195833333333,"SKYE","","SEGC"
"962",2014-11-10,0.949604166666667,"SKYE","","SEGC"
"963",2014-11-11,1.13708333333333,"SKYE","","SEGC"
"964",2014-11-12,0.814083333333333,"SKYE","","SEGC"
"965",2014-11-13,1.33079166666667,"SKYE","","SEGC"
"966",2014-11-14,0.621208333333333,"SKYE","","SEGC"
"967",2014-11-15,1.03033333333333,"SKYE","","SEGC"
"968",2014-11-16,0.922604166666667,"SKYE","","SEGC"
"969",2014-11-17,1.12381081081081,"SKYE","","SEGC"
"970",2014-11-18,0.751583333333333,"SKYE","","SEGC"
"971",2014-11-19,0.8714375,"SKYE","","SEGC"
"972",2014-11-20,0.781125,"SKYE","","SEGC"
"973",2014-11-21,0.6908125,"SKYE","","SEGC"
"974",2014-11-22,0.829729166666667,"SKYE","","SEGC"
"975",2014-11-23,0.962520833333333,"SKYE","","SEGC"
"976",2014-11-24,1.158,"SKYE","","SEGC"
"977",2014-11-25,0.976458333333333,"SKYE","","SEGC"
"978",2014-11-26,0.957395833333333,"SKYE","","SEGC"
"979",2014-11-27,1.41760416666667,"SKYE","","SEGC"
"980",2014-11-28,0.787125,"SKYE","","SEGC"
"981",2014-11-29,0.735,"SKYE","","SEGC"
"982",2014-11-30,0.8131875,"SKYE","","SEGC"
"983",2014-12-01,1.18308333333333,"SKYE","","SEGC"
"984",2014-12-02,0.80975,"SKYE","","SEGC"
"985",2014-12-03,0.665604166666667,"SKYE","","SEGC"
"986",2014-12-04,1.09020833333333,"SKYE","","SEGC"
"987",2014-12-05,0.672520833333333,"SKYE","","SEGC"
"988",2014-12-06,0.923520833333333,"SKYE","","SEGC"
"989",2014-12-07,0.980833333333333,"SKYE","","SEGC"
"990",2014-12-08,0.8010625,"SKYE","","SEGC"
"991",2014-12-09,0.997270833333333,"SKYE","","SEGC"
"992",2014-12-10,0.6473125,"SKYE","","SEGC"
"993",2014-12-11,0.716,"SKYE","","SEGC"
"994",2014-12-12,0.6725,"SKYE","","SEGC"
"995",2014-12-13,0.667291666666667,"SKYE","","SEGC"
"996",2014-12-14,0.6516875,"SKYE","","SEGC"
"997",2014-12-15,0.993875,"SKYE","","SEGC"
"998",2014-12-16,0.929583333333333,"SKYE","","SEGC"
"999",2014-12-17,0.4936875,"SKYE","","SEGC"
"1000",2014-12-18,1.237,"SKYE","","SEGC"
"1001",2014-12-19,0.990333333333333,"SKYE","","SEGC"
"1002",2014-12-20,0.861833333333333,"SKYE","","SEGC"
"1003",2014-12-21,0.8600625,"SKYE","","SEGC"
"1004",2014-12-22,0.589229166666667,"SKYE","","SEGC"
"1005",2014-12-23,0.9304375,"SKYE","","SEGC"
"1006",2014-12-24,1.00335416666667,"SKYE","","SEGC"
"1007",2014-12-25,0.797583333333333,"SKYE","","SEGC"
"1008",2014-12-26,1.13275,"SKYE","","SEGC"
"1009",2014-12-27,1.04589583333333,"SKYE","","SEGC"
"1010",2014-12-28,0.875729166666667,"SKYE","","SEGC"
"1011",2014-12-29,1.25952083333333,"SKYE","","SEGC"
"1012",2014-12-30,1.2048125,"SKYE","","SEGC"
"1013",2014-12-31,0.908708333333333,"SKYE","","SEGC"
"1014",2015-01-01,1.20054166666667,"SKYE","","SEGC"
"1015",2015-01-02,0.895729166666667,"SKYE","","SEGC"
"1016",2015-01-03,1.03902083333333,"SKYE","","SEGC"
"1017",2015-01-04,0.767270833333333,"SKYE","","SEGC"
"1018",2015-01-05,1.15795833333333,"SKYE","","SEGC"
"1019",2015-01-06,1.0710625,"SKYE","","SEGC"
"1020",2015-01-07,0.711541666666667,"SKYE","","SEGC"
"1021",2015-01-08,0.9599375,"SKYE","","SEGC"
"1022",2015-01-09,0.854,"SKYE","","SEGC"
"1023",2015-01-10,0.601354166666667,"SKYE","","SEGC"
"1024",2015-01-11,0.577895833333333,"SKYE","","SEGC"
"1025",2015-01-12,0.8296875,"SKYE","","SEGC"
"1026",2015-01-13,0.531854166666667,"SKYE","","SEGC"
"1027",2015-01-14,0.714291666666667,"SKYE","","SEGC"
"1028",2015-01-15,0.953020833333333,"SKYE","","SEGC"
"1029",2015-01-16,1.17875,"SKYE","","SEGC"
"1030",2015-01-17,1.1561875,"SKYE","","SEGC"
"1031",2015-01-18,1.18316666666667,"SKYE","","SEGC"
"1032",2015-01-19,1.14925,"SKYE","","SEGC"
"1033",2015-01-20,1.09802083333333,"SKYE","","SEGC"
"1034",2015-01-21,0.981666666666667,"SKYE","","SEGC"
"1035",2015-01-22,1.11716666666667,"SKYE","","SEGC"
"1036",2015-01-23,0.889625,"SKYE","","SEGC"
"1037",2015-01-24,1.00164583333333,"SKYE","","SEGC"
"1038",2015-01-25,0.62125,"SKYE","","SEGC"
"1039",2015-01-26,0.941791666666667,"SKYE","","SEGC"
"1040",2015-01-27,1.32208333333333,"SKYE","","SEGC"
"1041",2015-01-28,0.63175,"SKYE","","SEGC"
"1042",2015-01-29,1.0225,"SKYE","","SEGC"
"1043",2015-01-30,1.13722916666667,"SKYE","","SEGC"
"1044",2015-01-31,1.27945833333333,"SKYE","","SEGC"
"1045",2015-02-01,1.1536875,"SKYE","","SEGC"
"1046",2015-02-02,1.03291666666667,"SKYE","","SEGC"
"1047",2015-02-03,0.754083333333333,"SKYE","","SEGC"
"1048",2015-02-04,0.859229166666667,"SKYE","","SEGC"
"1049",2015-02-05,0.792375,"SKYE","","SEGC"
"1050",2015-02-06,1.03704347826087,"SKYE","","SEGC"
"1051",2015-02-26,1.22589473684211,"SKYE","","SEGC"
"1052",2015-02-27,0.909520833333333,"SKYE","","SEGC"
"1053",2015-02-28,0.717666666666667,"SKYE","","SEGC"
"1054",2015-03-01,0.950416666666667,"SKYE","","SEGC"
"1055",2015-03-02,1.21354166666667,"SKYE","","SEGC"
"1056",2015-03-03,0.98775,"SKYE","","SEGC"
"1057",2015-03-04,0.990375,"SKYE","","SEGC"
"1058",2015-03-05,1.29083333333333,"SKYE","","SEGC"
"1059",2015-03-06,0.825395833333333,"SKYE","","SEGC"
"1060",2015-03-07,0.598729166666667,"SKYE","","SEGC"
"1061",2015-03-08,1.2865,"SKYE","","SEGC"
"1062",2015-03-09,1.30558333333333,"SKYE","","SEGC"
"1063",2015-03-10,1.28308333333333,"SKYE","","SEGC"
"1064",2015-03-11,0.76625,"SKYE","","SEGC"
"1065",2015-03-12,0.709958333333333,"SKYE","","SEGC"
"1066",2015-03-13,1.00683333333333,"SKYE","","SEGC"
"1067",2015-03-14,1.1040625,"SKYE","","SEGC"
"1068",2015-03-15,0.6968125,"SKYE","","SEGC"
"1069",2015-03-16,0.812270833333333,"SKYE","","SEGC"
"1070",2015-03-17,0.8583125,"SKYE","","SEGC"
"1071",2015-03-18,0.9183125,"SKYE","","SEGC"
"1072",2015-03-19,0.79325,"SKYE","","SEGC"
"1073",2015-03-20,0.563979166666667,"SKYE","","SEGC"
"1074",2015-03-21,1.20402083333333,"SKYE","","SEGC"
"1075",2015-03-22,0.878270833333333,"SKYE","","SEGC"
"1076",2015-03-23,0.771520833333333,"SKYE","","SEGC"
"1077",2015-03-24,1.17622916666667,"SKYE","","SEGC"
"1078",2015-03-25,0.9521875,"SKYE","","SEGC"
"1079",2015-03-26,1.65210416666667,"SKYE","","SEGC"
"1080",2015-03-27,0.956,"SKYE","","SEGC"
"1081",2015-03-28,1.23441666666667,"SKYE","","SEGC"
"1082",2015-03-29,1.2023125,"SKYE","","SEGC"
"1083",2015-03-30,0.612583333333333,"SKYE","","SEGC"
"1084",2015-03-31,0.9565,"SKYE","","SEGC"
"1085",2015-04-01,0.960770833333333,"SKYE","","SEGC"
"1086",2015-04-02,1.32210416666667,"SKYE","","SEGC"
"1087",2015-04-03,0.986020833333333,"SKYE","","SEGC"
"1088",2015-04-04,0.703770833333333,"SKYE","","SEGC"
"1089",2015-04-05,1.2778125,"SKYE","","SEGC"
"1090",2015-04-06,0.876604166666667,"SKYE","","SEGC"
"1091",2015-04-07,0.953916666666667,"SKYE","","SEGC"
"1092",2015-04-08,1.18927083333333,"SKYE","","SEGC"
"1093",2015-04-09,0.8635625,"SKYE","","SEGC"
"1094",2015-04-10,0.8314375,"SKYE","","SEGC"
"1095",2015-04-11,0.8045,"SKYE","","SEGC"
"1096",2015-04-12,0.757520833333333,"SKYE","","SEGC"
"1097",2015-04-13,0.730729166666667,"SKYE","","SEGC"
"1098",2015-04-14,0.862729166666667,"SKYE","","SEGC"
"1099",2015-04-15,0.753291666666667,"SKYE","","SEGC"
"1100",2015-04-16,0.952145833333333,"SKYE","","SEGC"
"1101",2015-04-17,0.916604166666667,"SKYE","","SEGC"
"1102",2015-04-18,0.8574375,"SKYE","","SEGC"
"1103",2015-04-19,0.593458333333333,"SKYE","","SEGC"
"1104",2015-04-20,0.842708333333333,"SKYE","","SEGC"
"1105",2015-04-21,0.722083333333333,"SKYE","","SEGC"
"1106",2015-04-22,0.877416666666667,"SKYE","","SEGC"
"1107",2015-04-23,0.890333333333333,"SKYE","","SEGC"
"1108",2015-04-24,0.990333333333333,"SKYE","","SEGC"
"1109",2015-04-25,1.1415,"SKYE","","SEGC"
"1110",2015-04-26,0.826145833333333,"SKYE","","SEGC"
"1111",2015-04-27,0.219555555555556,"SKYE","","SEGC"
"1112",2015-06-29,1.00372727272727,"SKYE","","SEGC"
"1113",2015-06-30,1.43585416666667,"SKYE","","SEGC"
"1114",2015-07-01,1.40370833333333,"SKYE","","SEGC"
"1115",2015-07-02,1.1031875,"SKYE","","SEGC"
"1116",2015-07-03,1.28304166666667,"SKYE","","SEGC"
"1117",2015-07-04,0.85225,"SKYE","","SEGC"
"1118",2015-07-05,1.11539583333333,"SKYE","","SEGC"
"1119",2015-07-06,1.26045833333333,"SKYE","","SEGC"
"1120",2015-07-07,1.3925,"SKYE","","SEGC"
"1121",2015-07-08,1.94210416666667,"SKYE","","SEGC"
"1122",2015-07-09,1.947375,"SKYE","","SEGC"
"1123",2015-07-10,1.73802083333333,"SKYE","","SEGC"
"1124",2015-07-11,1.166625,"SKYE","","SEGC"
"1125",2015-07-12,1.417625,"SKYE","","SEGC"
"1126",2015-07-13,0.769791666666667,"SKYE","","SEGC"
"1127",2015-07-14,1.50091666666667,"SKYE","","SEGC"
"1128",2015-07-15,1.2551875,"SKYE","","SEGC"
"1129",2015-07-16,1.5825,"SKYE","","SEGC"
"1130",2015-07-17,1.39766666666667,"SKYE","","SEGC"
"1131",2015-07-18,1.88310416666667,"SKYE","","SEGC"
"1132",2015-07-19,1.5834375,"SKYE","","SEGC"
"1133",2015-07-20,1.49141666666667,"SKYE","","SEGC"
"1134",2015-07-21,1.653,"SKYE","","SEGC"
"1135",2015-07-22,0.8071875,"SKYE","","SEGC"
"1136",2015-07-23,1.38635416666667,"SKYE","","SEGC"
"1137",2015-07-24,1.44104166666667,"SKYE","","SEGC"
"1138",2015-07-25,1.45841666666667,"SKYE","","SEGC"
"1139",2015-07-26,1.87870833333333,"SKYE","","SEGC"
"1140",2015-07-27,1.3941875,"SKYE","","SEGC"
"1141",2015-07-28,1.5314375,"SKYE","","SEGC"
"1142",2015-07-29,1.7803829787234,"SKYE","","SEGC"
"1143",2015-07-30,1.56610416666667,"SKYE","","SEGC"
"1144",2015-07-31,1.4185,"SKYE","","SEGC"
"1145",2015-08-01,1.99341666666667,"SKYE","","SEGC"
"1146",2015-08-02,1.3880625,"SKYE","","SEGC"
"1147",2015-08-03,1.67383333333333,"SKYE","","SEGC"
"1148",2015-08-04,1.4480625,"SKYE","","SEGC"
"1149",2015-08-05,1.10489583333333,"SKYE","","SEGC"
"1150",2015-08-06,1.6060625,"SKYE","","SEGC"
"1151",2015-08-07,1.87875,"SKYE","","SEGC"
"1152",2015-08-08,1.050375,"SKYE","","SEGC"
"1153",2015-08-09,1.11625,"SKYE","","SEGC"
"1154",2015-08-10,2.01941666666667,"SKYE","","SEGC"
"1155",2015-08-11,1.5635,"SKYE","","SEGC"
"1156",2015-08-12,1.46883333333333,"SKYE","","SEGC"
"1157",2015-08-13,2.02729166666667,"SKYE","","SEGC"
"1158",2015-08-14,1.64252083333333,"SKYE","","SEGC"
"1159",2015-08-15,1.52445833333333,"SKYE","","SEGC"
"1160",2015-08-16,1.521875,"SKYE","","SEGC"
"1161",2015-08-17,1.10229166666667,"SKYE","","SEGC"
"1162",2015-08-18,1.18141666666667,"SKYE","","SEGC"
"1163",2015-08-19,1.71108333333333,"SKYE","","SEGC"
"1164",2015-08-20,1.52608333333333,"SKYE","","SEGC"
"1165",2015-08-21,1.72883783783784,"SKYE","","SEGC"
"1166",2015-08-22,1.47758333333333,"SKYE","","SEGC"
"1167",2015-08-23,1.7415,"SKYE","","SEGC"
"1168",2015-08-24,1.55302083333333,"SKYE","","SEGC"
"1169",2015-08-25,1.09189583333333,"SKYE","","SEGC"
"1170",2015-08-26,2.05416666666667,"SKYE","","SEGC"
"1171",2015-08-27,1.76764583333333,"SKYE","","SEGC"
"1172",2015-08-28,1.8014375,"SKYE","","SEGC"
"1173",2015-08-29,2.1019375,"SKYE","","SEGC"
"1174",2015-08-30,1.607,"SKYE","","SEGC"
"1175",2015-08-31,1.5435,"SKYE","","SEGC"
"1176",2015-09-01,1.9673125,"SKYE","","SEGC"
"1177",2015-09-02,1.5886875,"SKYE","","SEGC"
"1178",2015-09-03,1.7554375,"SKYE","","SEGC"
"1179",2015-09-04,1.99508333333333,"SKYE","","SEGC"
"1180",2015-09-05,1.34897916666667,"SKYE","","SEGC"
"1181",2015-09-06,1.36639583333333,"SKYE","","SEGC"
"1182",2015-09-07,0.925166666666667,"SKYE","","SEGC"
"1183",2015-09-08,1.857875,"SKYE","","SEGC"
"1184",2015-09-09,1.4314375,"SKYE","","SEGC"
"1185",2015-09-10,1.2959375,"SKYE","","SEGC"
"1186",2015-09-11,1.75452083333333,"SKYE","","SEGC"
"1187",2015-09-12,1.181375,"SKYE","","SEGC"
"1188",2015-09-13,1.1953125,"SKYE","","SEGC"
"1189",2015-09-14,2.34939583333333,"SKYE","","SEGC"
"1190",2015-09-15,1.8691875,"SKYE","","SEGC"
"1191",2015-09-16,1.47583333333333,"SKYE","","SEGC"
"1192",2015-09-17,1.73454166666667,"SKYE","","SEGC"
"1193",2015-09-18,1.4879375,"SKYE","","SEGC"
"1194",2015-09-19,1.633875,"SKYE","","SEGC"
"1195",2015-09-20,1.07195833333333,"SKYE","","SEGC"
"1196",2015-09-21,1.31079166666667,"SKYE","","SEGC"
"1197",2015-09-22,1.50354166666667,"SKYE","","SEGC"
"1198",2015-09-23,1.64079166666667,"SKYE","","SEGC"
"1199",2015-09-24,1.4366875,"SKYE","","SEGC"
"1200",2015-09-25,1.77104166666667,"SKYE","","SEGC"
"1201",2015-09-26,1.8675,"SKYE","","SEGC"
"1202",2015-09-27,1.91520833333333,"SKYE","","SEGC"
"1203",2015-09-28,1.89958333333333,"SKYE","","SEGC"
"1204",2015-09-29,1.48964583333333,"SKYE","","SEGC"
"1205",2015-09-30,1.31202702702703,"SKYE","","SEGC"
"1206",2015-10-01,1.67635416666667,"SKYE","","SEGC"
"1207",2015-10-02,1.5001875,"SKYE","","SEGC"
"1208",2015-10-03,1.20914583333333,"SKYE","","SEGC"
"1209",2015-10-04,1.02160416666667,"SKYE","","SEGC"
"1210",2015-10-05,1.66508333333333,"SKYE","","SEGC"
"1211",2015-10-06,1.28733333333333,"SKYE","","SEGC"
"1212",2015-10-07,1.69202083333333,"SKYE","","SEGC"
"1213",2015-10-08,1.69466666666667,"SKYE","","SEGC"
"1214",2015-10-09,0.872229166666667,"SKYE","","SEGC"
"1215",2015-10-10,1.3143125,"SKYE","","SEGC"
"1216",2015-10-11,1.31514583333333,"SKYE","","SEGC"
"1217",2015-10-12,1.1805625,"SKYE","","SEGC"
"1218",2015-10-13,1.16922916666667,"SKYE","","SEGC"
"1219",2015-10-14,0.76275,"SKYE","","SEGC"
"1220",2015-10-15,1.2690625,"SKYE","","SEGC"
"1221",2015-10-16,1.369875,"SKYE","","SEGC"
"1222",2015-10-17,1.0615625,"SKYE","","SEGC"
"1223",2015-10-18,1.0059375,"SKYE","","SEGC"
"1224",2015-10-19,1.83533333333333,"SKYE","","SEGC"
"1225",2015-10-20,1.32902083333333,"SKYE","","SEGC"
"1226",2015-10-21,1.77375,"SKYE","","SEGC"
"1227",2015-10-22,1.593,"SKYE","","SEGC"
"1228",2015-10-23,1.39677083333333,"SKYE","","SEGC"
"1229",2015-10-24,1.55491666666667,"SKYE","","SEGC"
"1230",2015-10-25,0.803645833333333,"SKYE","","SEGC"
"1231",2015-10-26,0.7663125,"SKYE","","SEGC"
"1232",2015-10-27,1.23779166666667,"SKYE","","SEGC"
"1233",2015-10-28,1.60166666666667,"SKYE","","SEGC"
"1234",2015-10-29,1.672875,"SKYE","","SEGC"
"1235",2015-10-30,0.686105263157895,"SKYE","","SEGC"
"1236",2015-10-31,1.33252083333333,"SKYE","","SEGC"
"1237",2015-11-01,1.0580625,"SKYE","","SEGC"
"1238",2015-11-02,1.48702083333333,"SKYE","","SEGC"
"1239",2015-11-03,0.9104375,"SKYE","","SEGC"
"1240",2015-11-04,1.3290625,"SKYE","","SEGC"
"1241",2015-11-05,0.726333333333333,"SKYE","","SEGC"
"1242",2015-11-06,0.8001875,"SKYE","","SEGC"
"1243",2015-11-07,1.17966666666667,"SKYE","","SEGC"
"1244",2015-11-08,0.768333333333333,"SKYE","","SEGC"
"1245",2016-01-13,4.2360625,"SKYE","","SEGC"
"1246",2016-01-14,1.49964583333333,"SKYE","","SEGC"
"1247",2016-01-15,2.15272916666667,"SKYE","","SEGC"
"1248",2016-01-16,4.599875,"SKYE","","SEGC"
"1249",2016-01-17,2.67202083333333,"SKYE","","SEGC"
"1250",2016-01-18,1.96775,"SKYE","","SEGC"
"1251",2016-01-19,2.64245833333333,"SKYE","","SEGC"
"1252",2016-01-20,1.70725,"SKYE","","SEGC"
"1253",2016-01-21,3.050625,"SKYE","","SEGC"
"1254",2016-01-22,2.96383333333333,"SKYE","","SEGC"
"1255",2016-01-23,2.082375,"SKYE","","SEGC"
"1256",2016-01-24,1.42414583333333,"SKYE","","SEGC"
"1257",2016-01-25,2.54522916666667,"SKYE","","SEGC"
"1258",2016-01-26,0.785833333333333,"SKYE","","SEGC"
"1259",2016-01-27,1.30083333333333,"SKYE","","SEGC"
"1260",2016-01-28,1.47883333333333,"SKYE","","SEGC"
"1261",2016-01-29,0.299405405405405,"SKYE","","SEGC"
"1262",2016-01-30,0.498833333333333,"SKYE","","SEGC"
"1263",2016-01-31,1.17797916666667,"SKYE","","SEGC"
"1264",2016-02-01,1.331625,"SKYE","","SEGC"
"1265",2016-02-02,1.01208333333333,"SKYE","","SEGC"
"1266",2016-02-03,0.716770833333333,"SKYE","","SEGC"
"1267",2016-02-04,1.34820833333333,"SKYE","","SEGC"
"1268",2016-02-05,0.878333333333333,"SKYE","","SEGC"
"1269",2016-02-06,1.04504166666667,"SKYE","","SEGC"
"1270",2016-02-07,0.891375,"SKYE","","SEGC"
"1271",2016-02-08,1.560875,"SKYE","","SEGC"
"1272",2016-02-09,1.2578125,"SKYE","","SEGC"
"1273",2016-02-10,0.9990625,"SKYE","","SEGC"
"1274",2016-02-11,0.897541666666667,"SKYE","","SEGC"
"1275",2016-02-12,0.7914375,"SKYE","","SEGC"
"1276",2016-02-13,1.57472916666667,"SKYE","","SEGC"
"1277",2016-02-14,1.28220833333333,"SKYE","","SEGC"
"1278",2016-02-15,0.800208333333333,"SKYE","","SEGC"
"1279",2016-02-16,0.7055,"SKYE","","SEGC"
"1280",2016-02-17,1.1909375,"SKYE","","SEGC"
"1281",2016-02-18,0.912229166666667,"SKYE","","SEGC"
"1282",2016-02-19,1.0381875,"SKYE","","SEGC"
"1283",2016-02-20,1.22833333333333,"SKYE","","SEGC"
"1284",2016-02-21,0.900041666666667,"SKYE","","SEGC"
"1285",2016-02-22,1.37583333333333,"SKYE","","SEGC"
"1286",2016-02-23,1.348125,"SKYE","","SEGC"
"1287",2016-02-24,0.6716875,"SKYE","","SEGC"
"1288",2016-02-25,0.570958333333333,"SKYE","","SEGC"
"1289",2016-02-26,0.411891891891892,"SKYE","","SEGC"
"1290",2016-02-27,0.897395833333333,"SKYE","","SEGC"
"1291",2016-02-28,1.26129166666667,"SKYE","","SEGC"
"1292",2016-02-29,0.874875,"SKYE","","SEGC"
"1293",2016-03-01,0.622083333333333,"SKYE","","SEGC"
"1294",2016-03-02,1.39760416666667,"SKYE","","SEGC"
"1295",2016-03-03,1.10141666666667,"SKYE","","SEGC"
"1296",2016-03-04,0.726333333333333,"SKYE","","SEGC"
"1297",2016-03-05,1.19966666666667,"SKYE","","SEGC"
"1298",2016-03-06,0.926916666666667,"SKYE","","SEGC"
"1299",2016-03-07,0.8965625,"SKYE","","SEGC"
"1300",2016-03-08,0.936479166666667,"SKYE","","SEGC"
"1301",2016-03-09,0.927833333333333,"SKYE","","SEGC"
"1302",2016-03-10,1.105875,"SKYE","","SEGC"
"1303",2016-03-11,0.808791666666667,"SKYE","","SEGC"
"1304",2016-03-12,0.779354166666667,"SKYE","","SEGC"
"1305",2016-03-13,1.1336875,"SKYE","","SEGC"
"1306",2016-03-14,1.3281875,"SKYE","","SEGC"
"1307",2016-03-15,1.085,"SKYE","","SEGC"
"1308",2016-03-16,0.708166666666667,"SKYE","","SEGC"
"1309",2016-03-17,0.655166666666667,"SKYE","","SEGC"
"1310",2016-03-18,1.08414583333333,"SKYE","","SEGC"
"1311",2016-03-19,1.1144375,"SKYE","","SEGC"
"1312",2016-03-20,1.0425,"SKYE","","SEGC"
"1313",2016-03-21,0.653375,"SKYE","","SEGC"
"1314",2016-03-22,0.85575,"SKYE","","SEGC"
"1315",2016-03-23,1.26216666666667,"SKYE","","SEGC"
"1316",2016-03-24,1.35847916666667,"SKYE","","SEGC"
"1317",2016-03-25,1.29520833333333,"SKYE","","SEGC"
"1318",2016-03-26,0.712479166666667,"SKYE","","SEGC"
"1319",2016-03-27,0.7958125,"SKYE","","SEGC"
"1320",2016-03-28,0.820145833333333,"SKYE","","SEGC"
"1321",2016-03-29,1.1170625,"SKYE","","SEGC"
"1322",2016-03-30,1.06933333333333,"SKYE","","SEGC"
"1323",2016-03-31,1.18675862068966,"SKYE","","SEGC"
"1324",2016-04-28,0.99365,"SKYE","","SEGC"
"1325",2016-04-29,0.97375,"SKYE","","SEGC"
"1326",2016-04-30,0.676875,"SKYE","","SEGC"
"1327",2016-05-01,0.696833333333333,"SKYE","","SEGC"
"1328",2016-05-02,0.906916666666667,"SKYE","","SEGC"
"1329",2016-05-03,1.00514583333333,"SKYE","","SEGC"
"1330",2016-05-04,1.15189583333333,"SKYE","","SEGC"
"1331",2016-05-05,0.670854166666667,"SKYE","","SEGC"
"1332",2016-05-06,0.876541666666667,"SKYE","","SEGC"
"1333",2016-05-07,0.9225625,"SKYE","","SEGC"
"1334",2016-05-08,0.9130625,"SKYE","","SEGC"
"1335",2016-05-09,0.938270833333333,"SKYE","","SEGC"
"1336",2016-05-10,0.617875,"SKYE","","SEGC"
"1337",2016-05-11,0.931270833333333,"SKYE","","SEGC"
"1338",2016-05-12,0.782666666666667,"SKYE","","SEGC"
"1339",2016-05-13,0.806270833333333,"SKYE","","SEGC"
"1340",2016-05-14,1.1856875,"SKYE","","SEGC"
"1341",2016-05-15,0.708166666666667,"SKYE","","SEGC"
"1342",2016-05-16,0.674270833333333,"SKYE","","SEGC"
"1343",2016-05-17,0.851416666666667,"SKYE","","SEGC"
"1344",2016-05-18,0.631729166666667,"SKYE","","SEGC"
"1345",2016-05-19,0.884458333333333,"SKYE","","SEGC"
"1346",2016-05-20,1.05377083333333,"SKYE","","SEGC"
"1347",2016-05-21,0.715875,"SKYE","","SEGC"
"1348",2016-05-22,1.16922916666667,"SKYE","","SEGC"
"1349",2016-05-23,1.11708333333333,"SKYE","","SEGC"
"1350",2016-05-24,0.749020833333333,"SKYE","","SEGC"
"1351",2016-05-25,1.296875,"SKYE","","SEGC"
"1352",2016-05-26,0.9546875,"SKYE","","SEGC"
"1353",2016-05-27,0.973854166666667,"SKYE","","SEGC"
"1354",2016-05-28,1.2916875,"SKYE","","SEGC"
"1355",2016-05-29,1.21821428571429,"SKYE","","SEGC"
"1356",2016-05-30,0.235777777777778,"SKYE","","SEGC"
"1357",2016-05-31,0.663895833333333,"SKYE","","SEGC"
"1358",2016-06-01,0.9434375,"SKYE","","SEGC"
"1359",2016-06-02,0.838375,"SKYE","","SEGC"
"1360",2016-06-03,1.01814583333333,"SKYE","","SEGC"
"1361",2016-06-04,1.12147916666667,"SKYE","","SEGC"
"1362",2016-06-05,1.37241666666667,"SKYE","","SEGC"
"1363",2016-06-06,0.92875,"SKYE","","SEGC"
"1364",2016-06-07,0.793166666666667,"SKYE","","SEGC"
"1365",2016-06-08,0.837541666666667,"SKYE","","SEGC"
"1366",2016-06-09,0.755,"SKYE","","SEGC"
"1367",2016-06-10,1.56345833333333,"SKYE","","SEGC"
"1368",2016-06-11,1.42720833333333,"SKYE","","SEGC"
"1369",2016-06-12,0.9903125,"SKYE","","SEGC"
"1370",2016-06-13,1.29860416666667,"SKYE","","SEGC"
"1371",2016-06-14,1.36370833333333,"SKYE","","SEGC"
"1372",2016-06-15,1.15179166666667,"SKYE","","SEGC"
"1373",2016-06-16,1.03375,"SKYE","","SEGC"
"1374",2016-06-17,0.709041666666667,"SKYE","","SEGC"
"1375",2016-06-18,1.10414583333333,"SKYE","","SEGC"
"1376",2016-06-19,0.8331875,"SKYE","","SEGC"
"1377",2016-06-20,1.05029166666667,"SKYE","","SEGC"
"1378",2016-06-21,1.39241666666667,"SKYE","","SEGC"
"1379",2016-06-22,0.953854166666667,"SKYE","","SEGC"
"1380",2016-06-23,1.02683333333333,"SKYE","","SEGC"
"1381",2016-06-24,1.0050625,"SKYE","","SEGC"
"1382",2016-06-25,1.0833125,"SKYE","","SEGC"
"1383",2016-06-26,0.9035625,"SKYE","","SEGC"
"1384",2016-06-27,0.945208333333333,"SKYE","","SEGC"
"1385",2016-06-28,1.06329166666667,"SKYE","","SEGC"
"1386",2016-06-29,0.749791666666667,"SKYE","","SEGC"
"1387",2016-06-30,0.894041666666667,"SKYE","","SEGC"
"1388",2016-07-01,0.63476,"SKYE","","SEGC"
